Ruta,Territorio,Subdireccion,Zona,Sucursal,Marca,Base,Unidad de Negocio,País,Region,Sucursal Original,Nomenclatura
BARRANQUILLA-PCO-R1,NO APLICA,Colombia,Colombia,Barranquilla Presico,Presico,Presico,Présico LATAM,Colombia,Sudamerica,Barranquilla Presico,P
BARRANQUILLA-PCO-R2,NO APLICA,Colombia,Colombia,Barranquilla Presico,Presico,Presico,Présico LATAM,Colombia,Sudamerica,Barranquilla Presico,P
CAJICA-PCO-R1,NO APLICA,Colombia,Colombia,Cajica Presico,Presico,Presico,Présico LATAM,Colombia,Sudamerica,Cajica Presico,P
CAJICA-PCO-R2,NO APLICA,Colombia,Colombia,Cajica Presico,Presico,Presico,Présico LATAM,Colombia,Sudamerica,Cajica Presico,P
CAJICA-PCO-R3,NO APLICA,Colombia,Colombia,Cajica Presico,Presico,Presico,Présico LATAM,Colombia,Sudamerica,Cajica Presico,P
CAJICA-PCO-R4,NO APLICA,Colombia,Colombia,Cajica Presico,Presico,Presico,Présico LATAM,Colombia,Sudamerica,Cajica Presico,P
FLORIDABLANCA PCO-R1,NO APLICA,Colombia,Colombia,Floridablanca Presico,Presico,Presico,Présico LATAM,Colombia,Sudamerica,Floridablanca Presico,P
IBAGUE-PCO-R1,NO APLICA,Colombia,Colombia,Ibague Presico,Presico,Presico,Présico LATAM,Colombia,Sudamerica,Ibague Presico,P
IBAGUE-PCO-R2,NO APLICA,Colombia,Colombia,Ibague Presico,Presico,Presico,Présico LATAM,Colombia,Sudamerica,Ibague Presico,P
IBAGUE-PCO-R3,NO APLICA,Colombia,Colombia,Ibague Presico,Presico,Presico,Présico LATAM,Colombia,Sudamerica,Ibague Presico,P
NEIVA-PCO-R1,NO APLICA,Colombia,Colombia,Neiva Presico,Presico,Presico,Présico LATAM,Colombia,Sudamerica,Neiva Presico,P
SINCELEJO-PCO-R1,NO APLICA,Colombia,Colombia,Sincelejo Presico,Presico,Presico,Présico LATAM,Colombia,Sudamerica,Sincelejo Presico,P
SINCELEJO-PCO-R2,NO APLICA,Colombia,Colombia,Sincelejo Presico,Presico,Presico,Présico LATAM,Colombia,Sudamerica,Sincelejo Presico,P
SINCELEJO-PCO-R3,NO APLICA,Colombia,Colombia,Sincelejo Presico,Presico,Presico,Présico LATAM,Colombia,Sudamerica,Sincelejo Presico,P
TUNJA-PCO-R1,NO APLICA,Colombia,Colombia,Tunja Presico,Presico,Presico,Présico LATAM,Colombia,Sudamerica,Tunja Presico,P
TUNJA-PCO-R2,NO APLICA,Colombia,Colombia,Tunja Presico,Presico,Presico,Présico LATAM,Colombia,Sudamerica,Tunja Presico,P
TUNJA-PCO-R3,NO APLICA,Colombia,Colombia,Tunja Presico,Presico,Presico,Présico LATAM,Colombia,Sudamerica,Tunja Presico,P
AHUACHAPAN-MS-R1,NO APLICA,El Salvador,Occidente,Ahuachapan Pistiyo M-PY,La Moderna,La Moderna,Présico LATAM,El Salvador,Centroamérica,Ahuachapan Pistiyo,M
AHUACHAPAN-P-R1,NO APLICA,El Salvador,Occidente,Ahuachapan Pistiyo M-PY,Pistiyo,Pistiyo,Présico LATAM,El Salvador,Centroamérica,Ahuachapan Pistiyo,PY
AHUACHAPAN-P-R2,NO APLICA,El Salvador,Occidente,Ahuachapan Pistiyo M-PY,Pistiyo,Pistiyo,Présico LATAM,El Salvador,Centroamérica,Ahuachapan Pistiyo,PY
AHUACHAPAN-P-R3,NO APLICA,El Salvador,Occidente,Ahuachapan Pistiyo M-PY,Pistiyo,Pistiyo,Présico LATAM,El Salvador,Centroamérica,Ahuachapan Pistiyo,PY
CHALATENANGO-MS-R1,NO APLICA,El Salvador,Occidente,Chalatenango La Moderna,La Moderna,La Moderna,Présico LATAM,El Salvador,Centroamérica,Chalatenango La Moderna,M
METAPAN-MS-R1,NO APLICA,El Salvador,Occidente,Metapan La Moderna,La Moderna,La Moderna,Présico LATAM,El Salvador,Centroamérica,Metapan La Moderna,M
METAPAN-MS-R3,NO APLICA,El Salvador,Occidente,Metapan La Moderna,La Moderna,La Moderna,Présico LATAM,El Salvador,Centroamérica,Metapan La Moderna,M
SANTA ANA-MS-R1,NO APLICA,El Salvador,Occidente,Santa Ana La Moderna,La Moderna,La Moderna,Présico LATAM,El Salvador,Centroamérica,Santa Ana La Moderna,M
SANTA ANA-MS-R2,NO APLICA,El Salvador,Occidente,Santa Ana La Moderna,La Moderna,La Moderna,Présico LATAM,El Salvador,Centroamérica,Santa Ana La Moderna,M
SANTA ANA-P-R1,NO APLICA,El Salvador,Occidente,Santa Ana Pistiyo,Pistiyo,Pistiyo,Présico LATAM,El Salvador,Centroamérica,Santa Ana Pistiyo,PY
SANTA ANA-P-R2,NO APLICA,El Salvador,Occidente,Santa Ana Pistiyo,Pistiyo,Pistiyo,Présico LATAM,El Salvador,Centroamérica,Santa Ana Pistiyo,PY
SONSONATE-MS-R1,NO APLICA,El Salvador,Occidente,Sonsonate La Moderna,La Moderna,La Moderna,Présico LATAM,El Salvador,Centroamérica,Sonsonate La Moderna,M
SONSONATE-MS-R2,NO APLICA,El Salvador,Occidente,Sonsonate La Moderna,La Moderna,La Moderna,Présico LATAM,El Salvador,Centroamérica,Sonsonate La Moderna,M
SONSONATE-MS-R3,NO APLICA,El Salvador,Occidente,Sonsonate La Moderna,La Moderna,La Moderna,Présico LATAM,El Salvador,Centroamérica,Sonsonate La Moderna,M
SONSONATE-P-R1,NO APLICA,El Salvador,Occidente,Sonsonate Pistiyo,Pistiyo,Pistiyo,Présico LATAM,El Salvador,Centroamérica,Sonsonate Pistiyo,PY
SONSONATE-P-R2,NO APLICA,El Salvador,Occidente,Sonsonate Pistiyo,Pistiyo,Pistiyo,Présico LATAM,El Salvador,Centroamérica,Sonsonate Pistiyo,PY
SONSONATE-P-R3,NO APLICA,El Salvador,Occidente,Sonsonate Pistiyo,Pistiyo,Pistiyo,Présico LATAM,El Salvador,Centroamérica,Sonsonate Pistiyo,PY
CUSCATLAN-P-R1,NO APLICA,El Salvador,Oriente,Cuscatlan Pistiyo,Pistiyo,Pistiyo,Présico LATAM,El Salvador,Centroamérica,Cuscatlan Pistiyo,PY
LA LIBERTAD-P-R1,NO APLICA,El Salvador,Oriente,La Libertad Pistiyo,Pistiyo,Pistiyo,Présico LATAM,El Salvador,Centroamérica,La Libertad Pistiyo,PY
LA LIBERTAD-P-R2,NO APLICA,El Salvador,Oriente,La Libertad Pistiyo,Pistiyo,Pistiyo,Présico LATAM,El Salvador,Centroamérica,La Libertad Pistiyo,PY
LA LIBERTAD-P-R3,NO APLICA,El Salvador,Oriente,La Libertad Pistiyo,Pistiyo,Pistiyo,Présico LATAM,El Salvador,Centroamérica,La Libertad Pistiyo,PY
LA UNION P-R1,NO APLICA,El Salvador,Oriente,La Union Pistiyo,Pistiyo,Pistiyo,Présico LATAM,El Salvador,Centroamérica,La Union Pistiyo,PY
LA UNION-P-R2,NO APLICA,El Salvador,Oriente,La Union Pistiyo,Pistiyo,Pistiyo,Présico LATAM,El Salvador,Centroamérica,La Union Pistiyo,PY
QUEZALTEPEQUE-MS-R1,NO APLICA,El Salvador,Oriente,Quezaltepeque La Moderna,La Moderna,La Moderna,Présico LATAM,El Salvador,Centroamérica,Quezaltepeque La Moderna,M
QUEZALTEPEQUE-MS-R2,NO APLICA,El Salvador,Oriente,Quezaltepeque La Moderna,La Moderna,La Moderna,Présico LATAM,El Salvador,Centroamérica,Quezaltepeque La Moderna,M
SAN MIGUEL-P-R1,NO APLICA,El Salvador,Oriente,San Miguel Pistiyo,Pistiyo,Pistiyo,Présico LATAM,El Salvador,Centroamérica,San Miguel Pistiyo,PY
SAN MIGUEL-P-R2,NO APLICA,El Salvador,Oriente,San Miguel Pistiyo,Pistiyo,Pistiyo,Présico LATAM,El Salvador,Centroamérica,San Miguel Pistiyo,PY
SAN MIGUEL-P-R3,NO APLICA,El Salvador,Oriente,San Miguel Pistiyo,Pistiyo,Pistiyo,Présico LATAM,El Salvador,Centroamérica,San Miguel Pistiyo,PY
SAN VICENTE-P-R2,NO APLICA,El Salvador,Oriente,San Vicente Pistiyo,Pistiyo,Pistiyo,Présico LATAM,El Salvador,Centroamérica,San Vicente Pistiyo,PY
USULUTAN-P-R1,NO APLICA,El Salvador,Oriente,Usulutan Pistiyo,Pistiyo,Pistiyo,Présico LATAM,El Salvador,Centroamérica,Usulutan Pistiyo,PY
USULUTAN-P-R2,NO APLICA,El Salvador,Oriente,Usulutan Pistiyo,Pistiyo,Pistiyo,Présico LATAM,El Salvador,Centroamérica,Usulutan Pistiyo,PY
USULUTAN-P-R3,NO APLICA,El Salvador,Oriente,Usulutan Pistiyo,Pistiyo,Pistiyo,Présico LATAM,El Salvador,Centroamérica,Usulutan Pistiyo,PY
ZACATECOLUCA-P-R1,NO APLICA,El Salvador,Oriente,Zacatecoluca Pistiyo,Pistiyo,Pistiyo,Présico LATAM,El Salvador,Centroamérica,Zacatecoluca Pistiyo,PY
CHIMALTENANGO-PYG-R1,NO APLICA,Costa Occidente,Centro,Chimaltenango Pistiyo,Pistiyo,Pistiyo,Présico LATAM,Guatemala,Centroamérica,Chimaltenango Pistiyo,PY
CHIMALTENANGO-PYG-R2,NO APLICA,Costa Occidente,Centro,Chimaltenango Pistiyo,Pistiyo,Pistiyo,Présico LATAM,Guatemala,Centroamérica,Chimaltenango Pistiyo,PY
CHIMALTENANGO-P-R1,NO APLICA,Costa Occidente,Centro,Chimaltenango Presico,Presico,Presico,Présico LATAM,Guatemala,Centroamérica,Chimaltenango Presico,P
CHIMALTENANGO-P-R2,NO APLICA,Costa Occidente,Centro,Chimaltenango Presico,Presico,Presico,Présico LATAM,Guatemala,Centroamérica,Chimaltenango Presico,P
CHIMALTENANGO-P-R3,NO APLICA,Costa Occidente,Centro,Chimaltenango Presico,Presico,Presico,Présico LATAM,Guatemala,Centroamérica,Chimaltenango Presico,P
SAN JUAN-PYG-R1,NO APLICA,Costa Occidente,Centro,San Juan Pistiyo,Pistiyo,Pistiyo,Présico LATAM,Guatemala,Centroamérica,San Juan Pistiyo,PY
SAN JUAN-PYG-R2,NO APLICA,Costa Occidente,Centro,San Juan Pistiyo,Pistiyo,Pistiyo,Présico LATAM,Guatemala,Centroamérica,San Juan Pistiyo,PY
SAN JUAN-P-R1,NO APLICA,Costa Occidente,Centro,San Juan Presico,Presico,Presico,Présico LATAM,Guatemala,Centroamérica,San Juan Presico,P
SAN JUAN-P-R2,NO APLICA,Costa Occidente,Centro,San Juan Presico,Presico,Presico,Présico LATAM,Guatemala,Centroamérica,San Juan Presico,P
SAN JUAN-P-R3,NO APLICA,Costa Occidente,Centro,San Juan Presico,Presico,Presico,Présico LATAM,Guatemala,Centroamérica,San Juan Presico,P
SAN LUCAS-PYG-R1,NO APLICA,Costa Occidente,Centro,San Lucas Pistiyo,Pistiyo,Pistiyo,Présico LATAM,Guatemala,Centroamérica,San Lucas Pistiyo,PY
SAN LUCAS-PYG-R2,NO APLICA,Costa Occidente,Centro,San Lucas Pistiyo,Pistiyo,Pistiyo,Présico LATAM,Guatemala,Centroamérica,San Lucas Pistiyo,PY
SAN LUCAS-P-R1,NO APLICA,Costa Occidente,Centro,San Lucas Presico,Presico,Presico,Présico LATAM,Guatemala,Centroamérica,San Lucas Presico,P
SAN LUCAS-P-R2,NO APLICA,Costa Occidente,Centro,San Lucas Presico,Presico,Presico,Présico LATAM,Guatemala,Centroamérica,San Lucas Presico,P
SAN LUCAS-P-R3,NO APLICA,Costa Occidente,Centro,San Lucas Presico,Presico,Presico,Présico LATAM,Guatemala,Centroamérica,San Lucas Presico,P
SAN LUCAS-P-R4,NO APLICA,Costa Occidente,Centro,San Lucas Presico,Presico,Presico,Présico LATAM,Guatemala,Centroamérica,San Lucas Presico,P
SOLOLA-P-R1,NO APLICA,Costa Occidente,Centro,Solola Presico P-PY,Presico,Presico,Présico LATAM,Guatemala,Centroamérica,Solola Presico,P
SOLOLA-P-R2,NO APLICA,Costa Occidente,Centro,Solola Presico P-PY,Presico,Presico,Présico LATAM,Guatemala,Centroamérica,Solola Presico,P
SOLOLA-PYG-R1,NO APLICA,Costa Occidente,Centro,Solola Presico P-PY,Presico,Pistiyo,Présico LATAM,Guatemala,Centroamérica,Solola Presico,PY
PATULUL-PYG-R1,NO APLICA,Costa Occidente,Pacifico Casita,Patulul Pistiyo,Pistiyo,Pistiyo,Présico LATAM,Guatemala,Centroamérica,Patulul Pistiyo,PY
PATULUL-PYG-R2,NO APLICA,Costa Occidente,Pacifico Casita,Patulul Pistiyo,Pistiyo,Pistiyo,Présico LATAM,Guatemala,Centroamérica,Patulul Pistiyo,PY
PUERTO SAN JOSE-C-R1,NO APLICA,Costa Occidente,Pacifico Casita,Puerto San Jose La Casita,La Casita,La Casita,Présico LATAM,Guatemala,Centroamérica,Puerto San Jose La Casita,C
PUERTO SAN JOSE-C-R2,NO APLICA,Costa Occidente,Pacifico Casita,Puerto San Jose La Casita,La Casita,La Casita,Présico LATAM,Guatemala,Centroamérica,Puerto San Jose La Casita,C
PUERTO SAN JOSE-C-R3,NO APLICA,Costa Occidente,Pacifico Casita,Puerto San Jose La Casita,La Casita,La Casita,Présico LATAM,Guatemala,Centroamérica,Puerto San Jose La Casita,C
SIQUINALA-C-R1,NO APLICA,Costa Occidente,Pacifico Casita,Siquinala La Casita,La Casita,La Casita,Présico LATAM,Guatemala,Centroamérica,Siquinala La Casita,C
SIQUINALA-C-R2,NO APLICA,Costa Occidente,Pacifico Casita,Siquinala La Casita,La Casita,La Casita,Présico LATAM,Guatemala,Centroamérica,Siquinala La Casita,C
SIQUINALA-P-R1,NO APLICA,Costa Occidente,Pacifico Casita,Siquinala Presico,Presico,Presico,Présico LATAM,Guatemala,Centroamérica,Siquinala Presico,P
SIQUINALA-P-R2,NO APLICA,Costa Occidente,Pacifico Casita,Siquinala Presico,Presico,Presico,Présico LATAM,Guatemala,Centroamérica,Siquinala Presico,P
SIQUINALA-P-R3,NO APLICA,Costa Occidente,Pacifico Casita,Siquinala Presico,Presico,Presico,Présico LATAM,Guatemala,Centroamérica,Siquinala Presico,P
SIQUINALA-P-R4,NO APLICA,Costa Occidente,Pacifico Casita,Siquinala Presico,Presico,Presico,Présico LATAM,Guatemala,Centroamérica,Siquinala Presico,P
SIQUINALA-P-R5,NO APLICA,Costa Occidente,Pacifico Casita,Siquinala Presico,Presico,Presico,Présico LATAM,Guatemala,Centroamérica,Siquinala Presico,P
TIQUISATE-PYG-R1,NO APLICA,Costa Occidente,Pacifico Casita,Tiquisate Pistiyo,Pistiyo,Pistiyo,Présico LATAM,Guatemala,Centroamérica,Tiquisate Pistiyo,PY
MAZATENANGO-C-R1,NO APLICA,Costa Occidente,Pacifico Pistiyo,Mazatenango La Casita,La Casita,La Casita,Présico LATAM,Guatemala,Centroamérica,Mazatenango La Casita,C
MAZATENANGO-C-R2,NO APLICA,Costa Occidente,Pacifico Pistiyo,Mazatenango La Casita,La Casita,La Casita,Présico LATAM,Guatemala,Centroamérica,Mazatenango La Casita,C
MAZATENANGO-C-R3,NO APLICA,Costa Occidente,Pacifico Pistiyo,Mazatenango La Casita,La Casita,La Casita,Présico LATAM,Guatemala,Centroamérica,Mazatenango La Casita,C
MAZATENANGO-PYG-R1,NO APLICA,Costa Occidente,Pacifico Pistiyo,Mazatenango Pistiyo,Pistiyo,Pistiyo,Présico LATAM,Guatemala,Centroamérica,Mazatenango Pistiyo,PY
MAZATENANGO-PYG-R2,NO APLICA,Costa Occidente,Pacifico Pistiyo,Mazatenango Pistiyo,Pistiyo,Pistiyo,Présico LATAM,Guatemala,Centroamérica,Mazatenango Pistiyo,PY
MAZATENANGO-P-R1,NO APLICA,Costa Occidente,Pacifico Pistiyo,Mazatenango Presico,Presico,Presico,Présico LATAM,Guatemala,Centroamérica,Mazatenango Presico,P
MAZATENANGO-P-R2,NO APLICA,Costa Occidente,Pacifico Pistiyo,Mazatenango Presico,Presico,Presico,Présico LATAM,Guatemala,Centroamérica,Mazatenango Presico,P
MAZATENANGO-P-R3,NO APLICA,Costa Occidente,Pacifico Pistiyo,Mazatenango Presico,Presico,Presico,Présico LATAM,Guatemala,Centroamérica,Mazatenango Presico,P
MAZATENANGO-P-R4,NO APLICA,Costa Occidente,Pacifico Pistiyo,Mazatenango Presico,Presico,Presico,Présico LATAM,Guatemala,Centroamérica,Mazatenango Presico,P
RETALHULEU-C-R1,NO APLICA,Costa Occidente,Pacifico Pistiyo,Retalhuleu La Casita,La Casita,La Casita,Présico LATAM,Guatemala,Centroamérica,Retalhuleu La Casita,C
RETALHULEU-C-R2,NO APLICA,Costa Occidente,Pacifico Pistiyo,Retalhuleu La Casita,La Casita,La Casita,Présico LATAM,Guatemala,Centroamérica,Retalhuleu La Casita,C
RETALHULEU-C-R3,NO APLICA,Costa Occidente,Pacifico Pistiyo,Retalhuleu La Casita,La Casita,La Casita,Présico LATAM,Guatemala,Centroamérica,Retalhuleu La Casita,C
RETALHULEU-C-R4,NO APLICA,Costa Occidente,Pacifico Pistiyo,Retalhuleu La Casita,La Casita,La Casita,Présico LATAM,Guatemala,Centroamérica,Retalhuleu La Casita,C
RETALHULEU-PYG-R1,NO APLICA,Costa Occidente,Pacifico Pistiyo,Retalhuleu Pistiyo,Pistiyo,Pistiyo,Présico LATAM,Guatemala,Centroamérica,Retalhuleu Pistiyo,PY
RETALHULEU-PYG-R2,NO APLICA,Costa Occidente,Pacifico Pistiyo,Retalhuleu Pistiyo,Pistiyo,Pistiyo,Présico LATAM,Guatemala,Centroamérica,Retalhuleu Pistiyo,PY
RETALHULEU-P-R1,NO APLICA,Costa Occidente,Pacifico Pistiyo,Retalhuleu Presico,Presico,Presico,Présico LATAM,Guatemala,Centroamérica,Retalhuleu Presico,P
RETALHULEU-P-R2,NO APLICA,Costa Occidente,Pacifico Pistiyo,Retalhuleu Presico,Presico,Presico,Présico LATAM,Guatemala,Centroamérica,Retalhuleu Presico,P
RETALHULEU-P-R3,NO APLICA,Costa Occidente,Pacifico Pistiyo,Retalhuleu Presico,Presico,Presico,Présico LATAM,Guatemala,Centroamérica,Retalhuleu Presico,P
RETALHULEU-P-R4,NO APLICA,Costa Occidente,Pacifico Pistiyo,Retalhuleu Presico,Presico,Presico,Présico LATAM,Guatemala,Centroamérica,Retalhuleu Presico,P
COATEPEQUE-PYG-R1,NO APLICA,Costa Occidente,Pacifico Presico,Coatepeque Pistiyo,Pistiyo,Pistiyo,Présico LATAM,Guatemala,Centroamérica,Coatepeque Pistiyo,PY
MALACATAN-C-R1,NO APLICA,Costa Occidente,Pacifico Presico,Malacatan La Casita,La Casita,La Casita,Présico LATAM,Guatemala,Centroamérica,Malacatan La Casita,C
MALACATAN-C-R2,NO APLICA,Costa Occidente,Pacifico Presico,Malacatan La Casita,La Casita,La Casita,Présico LATAM,Guatemala,Centroamérica,Malacatan La Casita,C
MALACATAN-C-R3,NO APLICA,Costa Occidente,Pacifico Presico,Malacatan La Casita,La Casita,La Casita,Présico LATAM,Guatemala,Centroamérica,Malacatan La Casita,C
MALACATAN-C-R4,NO APLICA,Costa Occidente,Pacifico Presico,Malacatan La Casita,La Casita,La Casita,Présico LATAM,Guatemala,Centroamérica,Malacatan La Casita,C
MALACATAN-C-R5,NO APLICA,Costa Occidente,Pacifico Presico,Malacatan La Casita,La Casita,La Casita,Présico LATAM,Guatemala,Centroamérica,Malacatan La Casita,C
MALACATAN-PYG-R1,NO APLICA,Costa Occidente,Pacifico Presico,Malacatan Pistiyo,Pistiyo,Pistiyo,Présico LATAM,Guatemala,Centroamérica,Malacatan Pistiyo,PY
MALACATAN-PYG-R2,NO APLICA,Costa Occidente,Pacifico Presico,Malacatan Pistiyo,Pistiyo,Pistiyo,Présico LATAM,Guatemala,Centroamérica,Malacatan Pistiyo,PY
MALACATAN-P-R1,NO APLICA,Costa Occidente,Pacifico Presico,Malacatan Presico,Presico,Presico,Présico LATAM,Guatemala,Centroamérica,Malacatan Presico,P
MALACATAN-P-R2,NO APLICA,Costa Occidente,Pacifico Presico,Malacatan Presico,Presico,Presico,Présico LATAM,Guatemala,Centroamérica,Malacatan Presico,P
MALACATAN-P-R3,NO APLICA,Costa Occidente,Pacifico Presico,Malacatan Presico,Presico,Presico,Présico LATAM,Guatemala,Centroamérica,Malacatan Presico,P
MALACATAN-P-R4,NO APLICA,Costa Occidente,Pacifico Presico,Malacatan Presico,Presico,Presico,Présico LATAM,Guatemala,Centroamérica,Malacatan Presico,P
MALACATAN-P-R5,NO APLICA,Costa Occidente,Pacifico Presico,Malacatan Presico,Presico,Presico,Présico LATAM,Guatemala,Centroamérica,Malacatan Presico,P
TECUN UMAN-P-R1,NO APLICA,Costa Occidente,Pacifico Presico,Tecun Uman 2 Presico,Presico,Presico,Présico LATAM,Guatemala,Centroamérica,Tecun Uman 2 Presico,P
TECUN UMAN-P-R2,NO APLICA,Costa Occidente,Pacifico Presico,Tecun Uman 2 Presico,Presico,Presico,Présico LATAM,Guatemala,Centroamérica,Tecun Uman 2 Presico,P
TECUN UMAN-P-R3,NO APLICA,Costa Occidente,Pacifico Presico,Tecun Uman 2 Presico,Presico,Presico,Présico LATAM,Guatemala,Centroamérica,Tecun Uman 2 Presico,P
TECUN UMAN-P-R4,NO APLICA,Costa Occidente,Pacifico Presico,Tecun Uman 2 Presico,Presico,Presico,Présico LATAM,Guatemala,Centroamérica,Tecun Uman 2 Presico,P
TECUN UMAN-P-R5,NO APLICA,Costa Occidente,Pacifico Presico,Tecun Uman 2 Presico,Presico,Presico,Présico LATAM,Guatemala,Centroamérica,Tecun Uman 2 Presico,P
TECUN UMAN-C-R1,NO APLICA,Costa Occidente,Pacifico Presico,Tecun Uman La Casita,La Casita,La Casita,Présico LATAM,Guatemala,Centroamérica,Tecun Uman La Casita,C
TECUN UMAN-C-R2,NO APLICA,Costa Occidente,Pacifico Presico,Tecun Uman La Casita,La Casita,La Casita,Présico LATAM,Guatemala,Centroamérica,Tecun Uman La Casita,C
TECUN UMAN-C-R3,NO APLICA,Costa Occidente,Pacifico Presico,Tecun Uman La Casita,La Casita,La Casita,Présico LATAM,Guatemala,Centroamérica,Tecun Uman La Casita,C
TECUN UMAN-C-R4,NO APLICA,Costa Occidente,Pacifico Presico,Tecun Uman La Casita,La Casita,La Casita,Présico LATAM,Guatemala,Centroamérica,Tecun Uman La Casita,C
TECUN UMAN-PYG-R1,NO APLICA,Costa Occidente,Pacifico Presico,Tecun Uman Pistiyo,Pistiyo,Pistiyo,Présico LATAM,Guatemala,Centroamérica,Tecun Uman Pistiyo,PY
TECUN UMAN-PYG-R2,NO APLICA,Costa Occidente,Pacifico Presico,Tecun Uman Pistiyo,Pistiyo,Pistiyo,Présico LATAM,Guatemala,Centroamérica,Tecun Uman Pistiyo,PY
FRAY BARTOLOME-PYG-R1,NO APLICA,Norte Oriente,Norte,Bartolome Pistiyo,Pistiyo,Pistiyo,Présico LATAM,Guatemala,Centroamérica,Bartolome Pistiyo,PY
FRAY BARTOLOME-PYG-R2,NO APLICA,Norte Oriente,Norte,Bartolome Pistiyo,Pistiyo,Pistiyo,Présico LATAM,Guatemala,Centroamérica,Bartolome Pistiyo,PY
FRAY BARTOLOME-PYG-R3,NO APLICA,Norte Oriente,Norte,Bartolome Pistiyo,Pistiyo,Pistiyo,Présico LATAM,Guatemala,Centroamérica,Bartolome Pistiyo,PY
COBAN-P-R1,NO APLICA,Norte Oriente,Norte 2,Coban Presico,Presico,Presico,Présico LATAM,Guatemala,Centroamérica,Coban Presico,P
COBAN-P-R2,NO APLICA,Norte Oriente,Norte 2,Coban Presico,Presico,Presico,Présico LATAM,Guatemala,Centroamérica,Coban Presico,P
COBAN-P-R3,NO APLICA,Norte Oriente,Norte 2,Coban Presico,Presico,Presico,Présico LATAM,Guatemala,Centroamérica,Coban Presico,P
FLORES-PYG-R1,NO APLICA,Norte Oriente,Norte,Flores Pistiyo,Pistiyo,Pistiyo,Présico LATAM,Guatemala,Centroamérica,Flores Pistiyo,PY
FLORES-PYG-R2,NO APLICA,Norte Oriente,Norte,Flores Pistiyo,Pistiyo,Pistiyo,Présico LATAM,Guatemala,Centroamérica,Flores Pistiyo,PY
FLORES-P-R1,NO APLICA,Norte Oriente,Norte,Flores Presico,Presico,Presico,Présico LATAM,Guatemala,Centroamérica,Flores Presico,P
FLORES-P-R2,NO APLICA,Norte Oriente,Norte,Flores Presico,Presico,Presico,Présico LATAM,Guatemala,Centroamérica,Flores Presico,P
FLORES-P-R3,NO APLICA,Norte Oriente,Norte,Flores Presico,Presico,Presico,Présico LATAM,Guatemala,Centroamérica,Flores Presico,P
FLORES-P-R4,NO APLICA,Norte Oriente,Norte,Flores Presico,Presico,Presico,Présico LATAM,Guatemala,Centroamérica,Flores Presico,P
IXCAN-PYG-R1,NO APLICA,Norte Oriente,Norte,Ixcan Pistiyo,Pistiyo,Pistiyo,Présico LATAM,Guatemala,Centroamérica,Ixcan Pistiyo,PY
IXCAN-PYG-R2,NO APLICA,Norte Oriente,Norte,Ixcan Pistiyo,Pistiyo,Pistiyo,Présico LATAM,Guatemala,Centroamérica,Ixcan Pistiyo,PY
LA TINTA-PYG-R1,NO APLICA,Norte Oriente,Norte 2,La Tinta Pistiyo,Pistiyo,Pistiyo,Présico LATAM,Guatemala,Centroamérica,La Tinta Pistiyo,PY
LA TINTA-PYG-R2,NO APLICA,Norte Oriente,Norte 2,La Tinta Pistiyo,Pistiyo,Pistiyo,Présico LATAM,Guatemala,Centroamérica,La Tinta Pistiyo,PY
LA TINTA-PYG-R3,NO APLICA,Norte Oriente,Norte 2,La Tinta Pistiyo,Pistiyo,Pistiyo,Présico LATAM,Guatemala,Centroamérica,La Tinta Pistiyo,PY
POPTUN-P-R1,NO APLICA,Norte Oriente,Norte,Poptun Presico,Presico,Presico,Présico LATAM,Guatemala,Centroamérica,Poptun Presico,P
POPTUN-P-R2,NO APLICA,Norte Oriente,Norte,Poptun Presico,Presico,Presico,Présico LATAM,Guatemala,Centroamérica,Poptun Presico,P
POPTUN-P-R3,NO APLICA,Norte Oriente,Norte,Poptun Presico,Presico,Presico,Présico LATAM,Guatemala,Centroamérica,Poptun Presico,P
SAYAXCHE-P-R1,NO APLICA,Norte Oriente,Norte,Sayaxche Presico,Presico,Presico,Présico LATAM,Guatemala,Centroamérica,Sayaxche Presico,P
SAYAXCHE-P-R2,NO APLICA,Norte Oriente,Norte,Sayaxche Presico,Presico,Presico,Présico LATAM,Guatemala,Centroamérica,Sayaxche Presico,P
SAYAXCHE-P-R3,NO APLICA,Norte Oriente,Norte,Sayaxche Presico,Presico,Presico,Présico LATAM,Guatemala,Centroamérica,Sayaxche Presico,P
SAYAXCHE-P-R4,NO APLICA,Norte Oriente,Norte,Sayaxche Presico,Presico,Presico,Présico LATAM,Guatemala,Centroamérica,Sayaxche Presico,P
CHICHICASTENANGO-P-R1,NO APLICA,Norte Oriente,Occidente,Chichicastenango Presico,Presico,Presico,Présico LATAM,Guatemala,Centroamérica,Chichicastenango Presico,P
CHICHICASTENANGO-P-R3,NO APLICA,Norte Oriente,Occidente,Chichicastenango Presico,Presico,Presico,Présico LATAM,Guatemala,Centroamérica,Chichicastenango Presico,P
HUEHUETENANGO-P-R1,NO APLICA,Norte Oriente,Occidente,Huehuetenango Presico,Presico,Presico,Présico LATAM,Guatemala,Centroamérica,Huehuetenango Presico,P
HUEHUETENANGO-P-R3,NO APLICA,Norte Oriente,Occidente,Huehuetenango Presico,Presico,Presico,Présico LATAM,Guatemala,Centroamérica,Huehuetenango Presico,P
JACALTENANGO-PYG-R1,NO APLICA,Norte Oriente,Occidente,Jacaltenango Pistiyo,Pistiyo,Pistiyo,Présico LATAM,Guatemala,Centroamérica,Jacaltenango Pistiyo,PY
NEBAJ-P-R1,NO APLICA,Norte Oriente,Occidente,Nebaj Presico,Presico,Presico,Présico LATAM,Guatemala,Centroamérica,Nebaj Presico,P
NEBAJ-P-R3,NO APLICA,Norte Oriente,Occidente,Nebaj Presico,Presico,Presico,Présico LATAM,Guatemala,Centroamérica,Nebaj Presico,P
USPANTAN-PYG-R1,NO APLICA,Norte Oriente,Occidente,Uspantan Pistiyo,Pistiyo,Pistiyo,Présico LATAM,Guatemala,Centroamérica,Uspantan Pistiyo,PY
LA ESPERANZA-C-R1,NO APLICA,Norte Oriente,Occidente 2,La Esperanza La Casita C-P,La Casita,La Casita,Présico LATAM,Guatemala,Centroamérica,La Esperanza La Casita,C
LA ESPERANZA-C-R3,NO APLICA,Norte Oriente,Occidente 2,La Esperanza La Casita C-P,La Casita,La Casita,Présico LATAM,Guatemala,Centroamérica,La Esperanza La Casita,C
LA ESPERANZA-P-R3,NO APLICA,Norte Oriente,Occidente 2,La Esperanza La Casita C-P,La Casita,Presico,Présico LATAM,Guatemala,Centroamérica,La Esperanza La Casita,P
SAN CRISTOBAL-P-R1,NO APLICA,Norte Oriente,Occidente 2,San Cristobal Presico,Presico,Presico,Présico LATAM,Guatemala,Centroamérica,San Cristobal Presico,P
SAN CRISTOBAL-P-R2,NO APLICA,Norte Oriente,Occidente 2,San Cristobal Presico,Presico,Presico,Présico LATAM,Guatemala,Centroamérica,San Cristobal Presico,P
SAN CRISTOBAL-P-R3,NO APLICA,Norte Oriente,Occidente 2,San Cristobal Presico,Presico,Presico,Présico LATAM,Guatemala,Centroamérica,San Cristobal Presico,P
SAN PEDRO SAN MARCOS-P-R1,NO APLICA,Norte Oriente,Occidente 2,San Pedro Presico,Presico,Presico,Présico LATAM,Guatemala,Centroamérica,San Pedro Presico,P
SAN PEDRO SAN MARCOS-P-R2,NO APLICA,Norte Oriente,Occidente 2,San Pedro Presico,Presico,Presico,Présico LATAM,Guatemala,Centroamérica,San Pedro Presico,P
SAN PEDRO SAN MARCOS-P-R3,NO APLICA,Norte Oriente,Occidente 2,San Pedro Presico,Presico,Presico,Présico LATAM,Guatemala,Centroamérica,San Pedro Presico,P
TEJUTLA-PYG-R1,NO APLICA,Norte Oriente,Occidente 2,Tejutla Pistiyo,Pistiyo,Pistiyo,Présico LATAM,Guatemala,Centroamérica,Tejutla Pistiyo,PY
CHIQUIMULA-P-R1,NO APLICA,Norte Oriente,Oriente,Chiquimula Presico,Presico,Presico,Présico LATAM,Guatemala,Centroamérica,Chiquimula Presico,P
CHIQUIMULA-P-R2,NO APLICA,Norte Oriente,Oriente,Chiquimula Presico,Presico,Presico,Présico LATAM,Guatemala,Centroamérica,Chiquimula Presico,P
CHIQUIMULA-P-R3,NO APLICA,Norte Oriente,Oriente,Chiquimula Presico,Presico,Presico,Présico LATAM,Guatemala,Centroamérica,Chiquimula Presico,P
GUALAN-PYG-R1,NO APLICA,Norte Oriente,Oriente,Gualan Pistiyo,Pistiyo,Pistiyo,Présico LATAM,Guatemala,Centroamérica,Gualan Pistiyo,PY
GUALAN-PYG-R2,NO APLICA,Norte Oriente,Oriente,Gualan Pistiyo,Pistiyo,Pistiyo,Présico LATAM,Guatemala,Centroamérica,Gualan Pistiyo,PY
GUASTATOYA-P-R1,NO APLICA,Norte Oriente,Norte 2,Guastatoya Presico,Presico,Presico,Présico LATAM,Guatemala,Centroamérica,Guastatoya Presico,P
GUASTATOYA-P-R2,NO APLICA,Norte Oriente,Norte 2,Guastatoya Presico,Presico,Presico,Présico LATAM,Guatemala,Centroamérica,Guastatoya Presico,P
GUASTATOYA-P-R3,NO APLICA,Norte Oriente,Norte 2,Guastatoya Presico,Presico,Presico,Présico LATAM,Guatemala,Centroamérica,Guastatoya Presico,P
GUASTATOYA-P-R4,NO APLICA,Norte Oriente,Norte 2,Guastatoya Presico,Presico,Presico,Présico LATAM,Guatemala,Centroamérica,Guastatoya Presico,P
GUASTATOYA-P-R5,NO APLICA,Norte Oriente,Norte 2,Guastatoya Presico,Presico,Presico,Présico LATAM,Guatemala,Centroamérica,Guastatoya Presico,P
MORALES-P-R1,NO APLICA,Norte Oriente,Oriente,Morales Presico,Presico,Presico,Présico LATAM,Guatemala,Centroamérica,Morales Presico,P
MORALES-P-R2,NO APLICA,Norte Oriente,Oriente,Morales Presico,Presico,Presico,Présico LATAM,Guatemala,Centroamérica,Morales Presico,P
MORALES-P-R3,NO APLICA,Norte Oriente,Oriente,Morales Presico,Presico,Presico,Présico LATAM,Guatemala,Centroamérica,Morales Presico,P
RABINAL-PYG-R1,NO APLICA,Norte Oriente,Norte 2,Rabinal Pistiyo,Pistiyo,Pistiyo,Présico LATAM,Guatemala,Centroamérica,Rabinal Pistiyo,PY
RABINAL-PYG-R2,NO APLICA,Norte Oriente,Norte 2,Rabinal Pistiyo,Pistiyo,Pistiyo,Présico LATAM,Guatemala,Centroamérica,Rabinal Pistiyo,PY
SALAMA-PYG-R1,NO APLICA,Norte Oriente,Norte 2,Salama Pistiyo,Pistiyo,Pistiyo,Présico LATAM,Guatemala,Centroamérica,Salama Pistiyo,PY
SALAMA-PYG-R2,NO APLICA,Norte Oriente,Norte 2,Salama Pistiyo,Pistiyo,Pistiyo,Présico LATAM,Guatemala,Centroamérica,Salama Pistiyo,PY
SALAMA-PYG-R3,NO APLICA,Norte Oriente,Norte 2,Salama Pistiyo,Pistiyo,Pistiyo,Présico LATAM,Guatemala,Centroamérica,Salama Pistiyo,PY
BARBERENA-P-R1,NO APLICA,Norte Oriente,Oriente Sur,Barberena Presico,Presico,Presico,Présico LATAM,Guatemala,Centroamérica,Barberena Presico,P
BARBERENA-P-R2,NO APLICA,Norte Oriente,Oriente Sur,Barberena Presico,Presico,Presico,Présico LATAM,Guatemala,Centroamérica,Barberena Presico,P
BARBERENA-P-R3,NO APLICA,Norte Oriente,Oriente Sur,Barberena Presico,Presico,Presico,Présico LATAM,Guatemala,Centroamérica,Barberena Presico,P
CHIQUIMULILLA-P-R1,NO APLICA,Norte Oriente,Oriente Sur,Chiquimulilla Presico,Presico,Presico,Présico LATAM,Guatemala,Centroamérica,Chiquimulilla Presico,P
CHIQUIMULILLA-P-R2,NO APLICA,Norte Oriente,Oriente Sur,Chiquimulilla Presico,Presico,Presico,Présico LATAM,Guatemala,Centroamérica,Chiquimulilla Presico,P
CHIQUIMULILLA-P-R3,NO APLICA,Norte Oriente,Oriente Sur,Chiquimulilla Presico,Presico,Presico,Présico LATAM,Guatemala,Centroamérica,Chiquimulilla Presico,P
JALAPA-PYG-R1,NO APLICA,Norte Oriente,Oriente Sur,Jalapa Pistiyo,Pistiyo,Pistiyo,Présico LATAM,Guatemala,Centroamérica,Jalapa Pistiyo,PY
JALAPA-PYG-R2,NO APLICA,Norte Oriente,Oriente Sur,Jalapa Pistiyo,Pistiyo,Pistiyo,Présico LATAM,Guatemala,Centroamérica,Jalapa Pistiyo,PY
JALAPA-P-R1,NO APLICA,Norte Oriente,Oriente Sur,Jalapa Presico,Presico,Presico,Présico LATAM,Guatemala,Centroamérica,Jalapa Presico,P
JALAPA-P-R2,NO APLICA,Norte Oriente,Oriente Sur,Jalapa Presico,Presico,Presico,Présico LATAM,Guatemala,Centroamérica,Jalapa Presico,P
JALAPA-P-R3,NO APLICA,Norte Oriente,Oriente Sur,Jalapa Presico,Presico,Presico,Présico LATAM,Guatemala,Centroamérica,Jalapa Presico,P
JALAPA-P-R4,NO APLICA,Norte Oriente,Oriente Sur,Jalapa Presico,Presico,Presico,Présico LATAM,Guatemala,Centroamérica,Jalapa Presico,P
JALPATAGUA-PYG-R1,NO APLICA,Norte Oriente,Oriente Sur,Jalpatagua Pistiyo,Pistiyo,Pistiyo,Présico LATAM,Guatemala,Centroamérica,Jalpatagua Pistiyo,PY
JALPATAGUA-PYG-R2,NO APLICA,Norte Oriente,Oriente Sur,Jalpatagua Pistiyo,Pistiyo,Pistiyo,Présico LATAM,Guatemala,Centroamérica,Jalpatagua Pistiyo,PY
JUTIAPA-PYG-R1,NO APLICA,Norte Oriente,Oriente Sur,Jutiapa Pistiyo,Pistiyo,Pistiyo,Présico LATAM,Guatemala,Centroamérica,Jutiapa Pistiyo,PY
JUTIAPA-P-R1,NO APLICA,Norte Oriente,Oriente Sur,Jutiapa Presico,Presico,Presico,Présico LATAM,Guatemala,Centroamérica,Jutiapa Presico,P
JUTIAPA-P-R2,NO APLICA,Norte Oriente,Oriente Sur,Jutiapa Presico,Presico,Presico,Présico LATAM,Guatemala,Centroamérica,Jutiapa Presico,P
JUTIAPA-P-R3,NO APLICA,Norte Oriente,Oriente Sur,Jutiapa Presico,Presico,Presico,Présico LATAM,Guatemala,Centroamérica,Jutiapa Presico,P
JUTIAPA-P-R4,NO APLICA,Norte Oriente,Oriente Sur,Jutiapa Presico,Presico,Presico,Présico LATAM,Guatemala,Centroamérica,Jutiapa Presico,P
MATAQUESCUINTLA-PYG-R1,NO APLICA,Norte Oriente,Oriente Sur,Mataquescuintla Pistiyo,Pistiyo,Pistiyo,Présico LATAM,Guatemala,Centroamérica,Mataquescuintla Pistiyo,PY
MATAQUESCUINTLA-PYG-R2,NO APLICA,Norte Oriente,Oriente Sur,Mataquescuintla Pistiyo,Pistiyo,Pistiyo,Présico LATAM,Guatemala,Centroamérica,Mataquescuintla Pistiyo,PY
MATAQUESCUINTLA-PYG-R3,NO APLICA,Norte Oriente,Oriente Sur,Mataquescuintla Pistiyo,Pistiyo,Pistiyo,Présico LATAM,Guatemala,Centroamérica,Mataquescuintla Pistiyo,PY
CHOLUTECA-PYH-R1,NO APLICA,Honduras,Occidente,Choluteca Pistiyo,Pistiyo,Pistiyo,Présico LATAM,Honduras,Centroamérica,Choluteca Pistiyo,PY
CHOLUTECA-PYH-R2,NO APLICA,Honduras,Occidente,Choluteca Pistiyo,Pistiyo,Pistiyo,Présico LATAM,Honduras,Centroamérica,Choluteca Pistiyo,PY
CHOLUTECA-PYH-R3,NO APLICA,Honduras,Occidente,Choluteca Pistiyo,Pistiyo,Pistiyo,Présico LATAM,Honduras,Centroamérica,Choluteca Pistiyo,PY
COMAYAGUA-PYH-R1,NO APLICA,Honduras,Occidente,Comayagua Pistiyo,Pistiyo,Pistiyo,Présico LATAM,Honduras,Centroamérica,Comayagua Pistiyo,PY
COMAYAGUA-PYH-R2,NO APLICA,Honduras,Occidente,Comayagua Pistiyo,Pistiyo,Pistiyo,Présico LATAM,Honduras,Centroamérica,Comayagua Pistiyo,PY
INTIBUCA-PYH-R1,NO APLICA,Honduras,Occidente,Intibuca Pistiyo,Pistiyo,Pistiyo,Présico LATAM,Honduras,Centroamérica,Intibuca Pistiyo,PY
INTIBUCA-PYH-R2,NO APLICA,Honduras,Occidente,Intibuca Pistiyo,Pistiyo,Pistiyo,Présico LATAM,Honduras,Centroamérica,Intibuca Pistiyo,PY
INTIBUCA-PYH-R3,NO APLICA,Honduras,Occidente,Intibuca Pistiyo,Pistiyo,Pistiyo,Présico LATAM,Honduras,Centroamérica,Intibuca Pistiyo,PY
LEMPIRA-PYH-R1,NO APLICA,Honduras,Occidente,Lempira Pistiyo,Pistiyo,Pistiyo,Présico LATAM,Honduras,Centroamérica,Lempira Pistiyo,PY
LEMPIRA-PYH-R2,NO APLICA,Honduras,Occidente,Lempira Pistiyo,Pistiyo,Pistiyo,Présico LATAM,Honduras,Centroamérica,Lempira Pistiyo,PY
LEMPIRA-PYH-R3,NO APLICA,Honduras,Occidente,Lempira Pistiyo,Pistiyo,Pistiyo,Présico LATAM,Honduras,Centroamérica,Lempira Pistiyo,PY
SANTA BARBARA-PYH-R1,NO APLICA,Honduras,Occidente,Santa Barbara Pistiyo,Pistiyo,Pistiyo,Présico LATAM,Honduras,Centroamérica,Santa Barbara Pistiyo,PY
SANTA BARBARA-PYH-R2,NO APLICA,Honduras,Occidente,Santa Barbara Pistiyo,Pistiyo,Pistiyo,Présico LATAM,Honduras,Centroamérica,Santa Barbara Pistiyo,PY
CHINANDEGA-PYN-R1,NO APLICA,Nicaragua,Nicaragua,Chinandega Pistiyo,Pistiyo,Pistiyo,Présico LATAM,Nicaragua,Centroamérica,Chinandega Pistiyo,PY
CHINANDEGA-PYN-R2,NO APLICA,Nicaragua,Nicaragua,Chinandega Pistiyo,Pistiyo,Pistiyo,Présico LATAM,Nicaragua,Centroamérica,Chinandega Pistiyo,PY
CHINANDEGA-PYN-R3,NO APLICA,Nicaragua,Nicaragua,Chinandega Pistiyo,Pistiyo,Pistiyo,Présico LATAM,Nicaragua,Centroamérica,Chinandega Pistiyo,PY
LEON-PYN-R1,NO APLICA,Nicaragua,Nicaragua,Leon Pistiyo,Pistiyo,Pistiyo,Présico LATAM,Nicaragua,Centroamérica,Leon Pistiyo,PY
LEON-PYN-R2,NO APLICA,Nicaragua,Nicaragua,Leon Pistiyo,Pistiyo,Pistiyo,Présico LATAM,Nicaragua,Centroamérica,Leon Pistiyo,PY
CHEPEN-PP-R1,NO APLICA,Norte,Norte,Chepen Presico,Presico,Presico,Présico LATAM,Peru,Sudamerica,Chepen Presico,P
CHEPEN-PP-R2,NO APLICA,Norte,Norte,Chepen Presico,Presico,Presico,Présico LATAM,Peru,Sudamerica,Chepen Presico,P
CHEPEN-PP-R3,NO APLICA,Norte,Norte,Chepen Presico,Presico,Presico,Présico LATAM,Peru,Sudamerica,Chepen Presico,P
CHICLAYO-CP-R1,NO APLICA,Norte,Norte,Chiclayo Casita,La Casita,La Casita,Présico LATAM,Peru,Sudamerica,Chiclayo Casita,C
CHICLAYO-CP-R2,NO APLICA,Norte,Norte,Chiclayo Casita,La Casita,La Casita,Présico LATAM,Peru,Sudamerica,Chiclayo Casita,C
CHICLAYO-CP-R3,NO APLICA,Norte,Norte,Chiclayo Casita,La Casita,La Casita,Présico LATAM,Peru,Sudamerica,Chiclayo Casita,C
CHICLAYO-CP-R4,NO APLICA,Norte,Norte,Chiclayo Casita,La Casita,La Casita,Présico LATAM,Peru,Sudamerica,Chiclayo Casita,C
CHICLAYO-PP-R1,NO APLICA,Norte,Norte,Chiclayo Presico,Presico,Presico,Présico LATAM,Peru,Sudamerica,Chiclayo Presico,P
CHICLAYO-PP-R2,NO APLICA,Norte,Norte,Chiclayo Presico,Presico,Presico,Présico LATAM,Peru,Sudamerica,Chiclayo Presico,P
CHICLAYO-PP-R3,NO APLICA,Norte,Norte,Chiclayo Presico,Presico,Presico,Présico LATAM,Peru,Sudamerica,Chiclayo Presico,P
CHICLAYO-PP-R4,NO APLICA,Norte,Norte,Chiclayo Presico,Presico,Presico,Présico LATAM,Peru,Sudamerica,Chiclayo Presico,P
CHICLAYO-PP-R5,NO APLICA,Norte,Norte,Chiclayo Presico,Presico,Presico,Présico LATAM,Peru,Sudamerica,Chiclayo Presico,P
CHOTA-CP-R1,NO APLICA,Norte,Norte,Chota La Casita,La Casita,La Casita,Présico LATAM,Peru,Sudamerica,Chota La Casita,C
CHOTA-CP-R2,NO APLICA,Norte,Norte,Chota La Casita,La Casita,La Casita,Présico LATAM,Peru,Sudamerica,Chota La Casita,C
CHOTA-CP-R3,NO APLICA,Norte,Norte,Chota La Casita,La Casita,La Casita,Présico LATAM,Peru,Sudamerica,Chota La Casita,C
CHULUCANAS-CP-R1,NO APLICA,Norte,Norte,Chulucanas La Casita,La Casita,La Casita,Présico LATAM,Peru,Sudamerica,Chulucanas La Casita,C
CHULUCANAS-CP-R2,NO APLICA,Norte,Norte,Chulucanas La Casita,La Casita,La Casita,Présico LATAM,Peru,Sudamerica,Chulucanas La Casita,C
OLMOS-PP-R1,NO APLICA,Norte,Nor Oriente,Olmos Presico,Presico,Presico,Présico LATAM,Peru,Sudamerica,Olmos Presico,P
PIURA-CP-R1,NO APLICA,Norte,Norte,Piura La Casita,La Casita,La Casita,Présico LATAM,Peru,Sudamerica,Piura La Casita,C
PIURA-CP-R2,NO APLICA,Norte,Norte,Piura La Casita,La Casita,La Casita,Présico LATAM,Peru,Sudamerica,Piura La Casita,C
PIURA-CP-R3,NO APLICA,Norte,Norte,Piura La Casita,La Casita,La Casita,Présico LATAM,Peru,Sudamerica,Piura La Casita,C
PIURA-PP-R1,NO APLICA,Norte,Norte,Piura Presico,Presico,Presico,Présico LATAM,Peru,Sudamerica,Piura Presico,P
PIURA-PP-R2,NO APLICA,Norte,Norte,Piura Presico,Presico,Presico,Présico LATAM,Peru,Sudamerica,Piura Presico,P
PIURA-PP-R3,NO APLICA,Norte,Norte,Piura Presico,Presico,Presico,Présico LATAM,Peru,Sudamerica,Piura Presico,P
PIURA-PP-R4,NO APLICA,Norte,Norte,Piura Presico,Presico,Presico,Présico LATAM,Peru,Sudamerica,Piura Presico,P
TALARA-PP-R1,NO APLICA,Norte,Norte,Talara Presico,Presico,Presico,Présico LATAM,Peru,Sudamerica,Talara Presico,P
TALARA-PP-R2,NO APLICA,Norte,Norte,Talara Presico,Presico,Presico,Présico LATAM,Peru,Sudamerica,Talara Presico,P
TALARA-PP-R3,NO APLICA,Norte,Norte,Talara Presico,Presico,Presico,Présico LATAM,Peru,Sudamerica,Talara Presico,P
TARAPOTO-PP-R1,NO APLICA,Norte,Nor Oriente,Tarapoto Presico,Presico,Presico,Présico LATAM,Peru,Sudamerica,Tarapoto Presico,P
TARAPOTO-PP-R2,NO APLICA,Norte,Nor Oriente,Tarapoto Presico,Presico,Presico,Présico LATAM,Peru,Sudamerica,Tarapoto Presico,P
BARRANCA-PP-R1,NO APLICA,Norte,Norte Chico,Barranca Presico,Presico,Presico,Présico LATAM,Peru,Sudamerica,Barranca Presico,P
BARRANCA-PP-R2,NO APLICA,Norte,Norte Chico,Barranca Presico,Presico,Presico,Présico LATAM,Peru,Sudamerica,Barranca Presico,P
BARRANCA-PP-R3,NO APLICA,Norte,Norte Chico,Barranca Presico,Presico,Presico,Présico LATAM,Peru,Sudamerica,Barranca Presico,P
CHIMBOTE-CP-R1,NO APLICA,Norte,Norte Chico,Chimbote La Casita,La Casita,La Casita,Présico LATAM,Peru,Sudamerica,Chimbote La Casita,C
CHIMBOTE-PP-R1,NO APLICA,Norte,Norte Chico,Chimbote Presico,Presico,Presico,Présico LATAM,Peru,Sudamerica,Chimbote Presico,P
CHIMBOTE-PP-R2,NO APLICA,Norte,Norte Chico,Chimbote Presico,Presico,Presico,Présico LATAM,Peru,Sudamerica,Chimbote Presico,P
CHIMBOTE-PP-R3,NO APLICA,Norte,Norte Chico,Chimbote Presico,Presico,Presico,Présico LATAM,Peru,Sudamerica,Chimbote Presico,P
CHIMBOTE-PP-R4,NO APLICA,Norte,Norte Chico,Chimbote Presico,Presico,Presico,Présico LATAM,Peru,Sudamerica,Chimbote Presico,P
HUACHO-CP-R1,NO APLICA,Norte,Norte Chico,Huacho La Casita,La Casita,La Casita,Présico LATAM,Peru,Sudamerica,Huacho La Casita,C
HUACHO-CP-R2,NO APLICA,Norte,Norte Chico,Huacho La Casita,La Casita,La Casita,Présico LATAM,Peru,Sudamerica,Huacho La Casita,C
HUACHO-CP-R3,NO APLICA,Norte,Norte Chico,Huacho La Casita,La Casita,La Casita,Présico LATAM,Peru,Sudamerica,Huacho La Casita,C
HUACHO-PP-R1,NO APLICA,Norte,Norte Chico,Huacho Presico,Presico,Presico,Présico LATAM,Peru,Sudamerica,Huacho Presico,P
HUACHO-PP-R2,NO APLICA,Norte,Norte Chico,Huacho Presico,Presico,Presico,Présico LATAM,Peru,Sudamerica,Huacho Presico,P
HUACHO-PP-R3,NO APLICA,Norte,Norte Chico,Huacho Presico,Presico,Presico,Présico LATAM,Peru,Sudamerica,Huacho Presico,P
HUACHO-PP-R4,NO APLICA,Norte,Norte Chico,Huacho Presico,Presico,Presico,Présico LATAM,Peru,Sudamerica,Huacho Presico,P
HUANUCO-PP-R1,NO APLICA,Norte,Norte Chico,Huanuco Presico,Presico,Presico,Présico LATAM,Peru,Sudamerica,Huanuco Presico,P
HUARAZ-PP-R1,NO APLICA,Norte,Norte Chico,Huaraz Presico,Presico,Presico,Présico LATAM,Peru,Sudamerica,Huaraz Presico,P
TRUJILLO-CP-R1,NO APLICA,Norte,Norte Chico,Trujillo La Casita,La Casita,La Casita,Présico LATAM,Peru,Sudamerica,Trujillo La Casita,C
TRUJILLO-PP-R1,NO APLICA,Norte,Norte Chico,Trujillo Presico,Presico,Presico,Présico LATAM,Peru,Sudamerica,Trujillo Presico,P
TRUJILLO-PP-R2,NO APLICA,Norte,Norte Chico,Trujillo Presico,Presico,Presico,Présico LATAM,Peru,Sudamerica,Trujillo Presico,P
TRUJILLO-PP-R3,NO APLICA,Norte,Norte Chico,Trujillo Presico,Presico,Presico,Présico LATAM,Peru,Sudamerica,Trujillo Presico,P
TRUJILLO-PP-R4,NO APLICA,Norte,Norte Chico,Trujillo Presico,Presico,Presico,Présico LATAM,Peru,Sudamerica,Trujillo Presico,P
JAEN-PP-R1,NO APLICA,Norte,Nor Oriente,Jaen Presico,Presico,Presico,Présico LATAM,Peru,Sudamerica,Jaen Presico,P
LIMA NORTE-CP-R1,NO APLICA,Centro,Lima,Lima Norte Casita,La Casita,La Casita,Présico LATAM,Peru,Sudamerica,Lima Norte Casita,C
LIMA NORTE-CP-R2,NO APLICA,Centro,Lima,Lima Norte Casita,La Casita,La Casita,Présico LATAM,Peru,Sudamerica,Lima Norte Casita,C
LIMA NORTE-CP-R3,NO APLICA,Centro,Lima,Lima Norte Casita,La Casita,La Casita,Présico LATAM,Peru,Sudamerica,Lima Norte Casita,C
LIMA NORTE-CP-R4,NO APLICA,Centro,Lima,Lima Norte Casita,La Casita,La Casita,Présico LATAM,Peru,Sudamerica,Lima Norte Casita,C
LIMA NORTE-PP-R1,NO APLICA,Centro,Lima,Lima Norte Presico,Presico,Presico,Présico LATAM,Peru,Sudamerica,Lima Norte Presico,P
LIMA NORTE-PP-R4,NO APLICA,Centro,Lima,Lima Norte Presico,Presico,Presico,Présico LATAM,Peru,Sudamerica,Lima Norte Presico,P
LIMA NORTE-PP-R5,NO APLICA,Centro,Lima,Lima Norte Presico,Presico,Presico,Présico LATAM,Peru,Sudamerica,Lima Norte Presico,P
LIMA NORTE-PP-R6,NO APLICA,Centro,Lima,Lima Norte Presico,Presico,Presico,Présico LATAM,Peru,Sudamerica,Lima Norte Presico,P
LIMA SUR-CP-R1,NO APLICA,Centro,Lima,Lima Sur La Casita,La Casita,La Casita,Présico LATAM,Peru,Sudamerica,Lima Sur La Casita,C
LIMA SUR-CP-R2,NO APLICA,Centro,Lima,Lima Sur La Casita,La Casita,La Casita,Présico LATAM,Peru,Sudamerica,Lima Sur La Casita,C
LIMA SUR-CP-R3,NO APLICA,Centro,Lima,Lima Sur La Casita,La Casita,La Casita,Présico LATAM,Peru,Sudamerica,Lima Sur La Casita,C
LIMA SUR-PP-R3,NO APLICA,Centro,Lima,Lima Sur Presico,Presico,Presico,Présico LATAM,Peru,Sudamerica,Lima Sur Presico,P
LIMA SUR-PP-R4,NO APLICA,Centro,Lima,Lima Sur Presico,Presico,Presico,Présico LATAM,Peru,Sudamerica,Lima Sur Presico,P
LIMA SUR-PP-R5,NO APLICA,Centro,Lima,Lima Sur Presico,Presico,Presico,Présico LATAM,Peru,Sudamerica,Lima Sur Presico,P
LIMA SUR-PP-R6,NO APLICA,Centro,Lima,Lima Sur Presico,Presico,Presico,Présico LATAM,Peru,Sudamerica,Lima Sur Presico,P
LIMA SUR-PP-R8,NO APLICA,Centro,Lima,Lima Sur Presico,Presico,Presico,Présico LATAM,Peru,Sudamerica,Lima Sur Presico,P
HUAYCAN-PP-R1,NO APLICA,Centro,Lima,Huaycan Presico,Presico,Presico,Présico LATAM,Peru,Sudamerica,Huaycan Presico,P
AREQUIPA-CP-R1,NO APLICA,Sur,Sur,Arequipa La Casita,La Casita,La Casita,Présico LATAM,Peru,Sudamerica,Arequipa La Casita,C
AREQUIPA-CP-R2,NO APLICA,Sur,Sur,Arequipa La Casita,La Casita,La Casita,Présico LATAM,Peru,Sudamerica,Arequipa La Casita,C
AREQUIPA-CP-R3,NO APLICA,Sur,Sur,Arequipa La Casita,La Casita,La Casita,Présico LATAM,Peru,Sudamerica,Arequipa La Casita,C
AREQUIPA-PP-R1,NO APLICA,Sur,Sur,Arequipa Presico,Presico,Presico,Présico LATAM,Peru,Sudamerica,Arequipa Presico,P
AREQUIPA-PP-R2,NO APLICA,Sur,Sur,Arequipa Presico,Presico,Presico,Présico LATAM,Peru,Sudamerica,Arequipa Presico,P
AREQUIPA-PP-R3,NO APLICA,Sur,Sur,Arequipa Presico,Presico,Presico,Présico LATAM,Peru,Sudamerica,Arequipa Presico,P
CAMANA-PP-R1,NO APLICA,Sur,Sur,Camana Presico,Presico,Presico,Présico LATAM,Peru,Sudamerica,Camana Presico,P
CAMANA-PP-R2,NO APLICA,Sur,Sur,Camana Presico,Presico,Presico,Présico LATAM,Peru,Sudamerica,Camana Presico,P
CAMANA-PP-R3,NO APLICA,Sur,Sur,Camana Presico,Presico,Presico,Présico LATAM,Peru,Sudamerica,Camana Presico,P
CAMANA-PP-R4,NO APLICA,Sur,Sur,Camana Presico,Presico,Presico,Présico LATAM,Peru,Sudamerica,Camana Presico,P
TACNA-PP-R1,NO APLICA,Sur,Sur,Tacna Presico,Presico,Presico,Présico LATAM,Peru,Sudamerica,Tacna Presico,P
TACNA-PP-R2,NO APLICA,Sur,Sur,Tacna Presico,Presico,Presico,Présico LATAM,Peru,Sudamerica,Tacna Presico,P
TACNA-PP-R3,NO APLICA,Sur,Sur,Tacna Presico,Presico,Presico,Présico LATAM,Peru,Sudamerica,Tacna Presico,P
ABANCAY-PP-R1,NO APLICA,Sur,Sur Andino,Abancay Presico,Presico,Presico,Présico LATAM,Peru,Sudamerica,Abancay Presico,P
ANDAHUAYLAS-PP-R1,NO APLICA,Sur,Sur Andino,Andahuaylas Presico,Presico,Presico,Présico LATAM,Peru,Sudamerica,Andahuaylas Presico,P
AYACUCHO-CP-R1,NO APLICA,Sur,Sur Andino,Ayacucho La Casita,La Casita,La Casita,Présico LATAM,Peru,Sudamerica,Ayacucho La Casita,C
AYACUCHO-CP-R2,NO APLICA,Sur,Sur Andino,Ayacucho La Casita,La Casita,La Casita,Présico LATAM,Peru,Sudamerica,Ayacucho La Casita,C
AYACUCHO-CP-R3,NO APLICA,Sur,Sur Andino,Ayacucho La Casita,La Casita,La Casita,Présico LATAM,Peru,Sudamerica,Ayacucho La Casita,C
CUSCO-CP-R1,NO APLICA,Sur,Sur Andino,Cusco La Casita,La Casita,La Casita,Présico LATAM,Peru,Sudamerica,Cusco La Casita,C
CUSCO-CP-R2,NO APLICA,Sur,Sur Andino,Cusco La Casita,La Casita,La Casita,Présico LATAM,Peru,Sudamerica,Cusco La Casita,C
CUSCO-CP-R3,NO APLICA,Sur,Sur Andino,Cusco La Casita,La Casita,La Casita,Présico LATAM,Peru,Sudamerica,Cusco La Casita,C
HUANCAYO-PP-R1,NO APLICA,Sur,Sur Andino,Huancayo Presico,Presico,Presico,Présico LATAM,Peru,Sudamerica,Huancayo Presico,P
HUANCAYO-PP-R2,NO APLICA,Sur,Sur Andino,Huancayo Presico,Presico,Presico,Présico LATAM,Peru,Sudamerica,Huancayo Presico,P
CAÑETE-PP-R1,NO APLICA,Centro,Sur Chico,Cañete Presico,Presico,Presico,Présico LATAM,Peru,Sudamerica,Cañete Presico,P
CAÑETE-PP-R2,NO APLICA,Centro,Sur Chico,Cañete Presico,Presico,Presico,Présico LATAM,Peru,Sudamerica,Cañete Presico,P
CAÑETE-PP-R3,NO APLICA,Centro,Sur Chico,Cañete Presico,Presico,Presico,Présico LATAM,Peru,Sudamerica,Cañete Presico,P
CHINCHA-PP-R1,NO APLICA,Centro,Sur Chico,Chincha Presico,Presico,Presico,Présico LATAM,Peru,Sudamerica,Chincha Presico,P
ICA-PP-R1,NO APLICA,Centro,Sur Chico,Ica Presico,Presico,Presico,Présico LATAM,Peru,Sudamerica,Ica Presico,P
ICA-PP-R2,NO APLICA,Centro,Sur Chico,Ica Presico,Presico,Presico,Présico LATAM,Peru,Sudamerica,Ica Presico,P
ICA-PP-R3,NO APLICA,Centro,Sur Chico,Ica Presico,Presico,Presico,Présico LATAM,Peru,Sudamerica,Ica Presico,P
ICA-PP-R4,NO APLICA,Centro,Sur Chico,Ica Presico,Presico,Presico,Présico LATAM,Peru,Sudamerica,Ica Presico,P
NAZCA-PP-R1,NO APLICA,Centro,Sur Chico,Nazca Presico,Presico,Presico,Présico LATAM,Peru,Sudamerica,Nazca Presico,P
MOROLEON-C-R1,Centro,Centro,Guanajuato,Moroleon Presico C-P,Presico,La Casita,Présico,México,México,Moroleon Presico,C
MOROLEON-P-R2,Centro,Centro,Guanajuato,Moroleon Presico C-P,Presico,Presico MX,Présico,México,México,Moroleon Presico,P
COLIMA-C-R1,Centro,Centro,Colima,Colima La Casita,La Casita,La Casita,Présico,México,México,Colima La Casita,C
COLIMA-C-R2,Centro,Centro,Colima,Colima La Casita,La Casita,La Casita,Présico,México,México,Colima La Casita,C
COLIMA-M-R1,Centro,Centro,Colima,Colima La Moderna M-PU,La Moderna,La Moderna,Présico,México,México,Colima La Moderna,M
COLIMA-M-R2,Centro,Centro,Colima,Colima La Moderna M-PU,La Moderna,La Moderna,Présico,México,México,Colima La Moderna,M
COLIMA-PU-R1,Centro,Centro,Colima,Colima La Moderna M-PU,La Moderna,Prestamos Unidos,Présico,México,México,Colima La Moderna,PU
COLIMA-P-R1,Centro,Centro,Colima,Colima Presico,Presico,Presico MX,Présico,México,México,Colima Presico,P
COLIMA-P-R2,Centro,Centro,Colima,Colima Presico,Presico,Presico MX,Présico,México,México,Colima Presico,P
COLIMA-P-R3,Centro,Centro,Colima,Colima Presico,Presico,Presico MX,Présico,México,México,Colima Presico,P
MANZANILLO-P-R2,Centro,Centro,Colima,Manzanillo Presico,Presico,Presico MX,Présico,México,México,Manzanillo Presico,P
CELAYA-P-R1,Centro,Centro,Guanajuato,Celaya Presico,Presico,Presico MX,Présico,México,México,Celaya Presico,P
CELAYA-P-R2,Centro,Centro,Guanajuato,Celaya Presico,Presico,Presico MX,Présico,México,México,Celaya Presico,P
CELAYA-LL-R1,Centro,Centro,Guanajuato,Celaya La Lupita,Presico,La Lupita,Présico,México,México,Celaya La Lupita,LL
MORELIA-C-R1,Centro,Centro,Morelia,Morelia La Casita,La Casita,La Casita,Présico,México,México,Morelia La Casita,C
MORELIA-C-R2,Centro,Centro,Morelia,Morelia La Casita,La Casita,La Casita,Présico,México,México,Morelia La Casita,C
MORELIA-C-R3,Centro,Centro,Morelia,Morelia La Casita,La Casita,La Casita,Présico,México,México,Morelia La Casita,C
MORELIA-C-R4,Centro,Centro,Morelia,Morelia La Casita,La Casita,La Casita,Présico,México,México,Morelia La Casita,C
MORELIA-LL-R1,Centro,Centro,Morelia,Morelia La Lupita,La Lupita,La Lupita,Présico,México,México,Morelia La Lupita,LL
MORELIA-LL-R2,Centro,Centro,Morelia,Morelia La Lupita,La Lupita,La Lupita,Présico,México,México,Morelia La Lupita,LL
MORELIA-M-R1,Centro,Centro,Morelia,Morelia La Moderna M-PU,La Moderna,La Moderna,Présico,México,México,Morelia La Moderna,M
MORELIA-M-R2,Centro,Centro,Morelia,Morelia La Moderna M-PU,La Moderna,La Moderna,Présico,México,México,Morelia La Moderna,M
MORELIA-M-R4,Centro,Centro,Morelia,Morelia La Moderna M-PU,La Moderna,La Moderna,Présico,México,México,Morelia La Moderna,M
MORELIA-PU-R2,Centro,Centro,Morelia,Morelia La Moderna M-PU,La Moderna,Prestamos Unidos,Présico,México,México,Morelia La Moderna,PU
MORELIA-P-R2,Centro,Centro,Morelia,Morelia Presico,Presico,Presico MX,Présico,México,México,Morelia Presico,P
MORELIA-P-R3,Centro,Centro,Morelia,Morelia Presico,Presico,Presico MX,Présico,México,México,Morelia Presico,P
MORELIA-P-R4,Centro,Centro,Morelia,Morelia Presico,Presico,Presico MX,Présico,México,México,Morelia Presico,P
MORELIA-P-R5,Centro,Centro,Morelia,Morelia Presico,Presico,Presico MX,Présico,México,México,Morelia Presico,P
MORELIA-P-R6,Centro,Centro,Morelia,Morelia Presico,Presico,Presico MX,Présico,México,México,Morelia Presico,P
URUAPAN-C-R1,Centro,Centro,Morelia,Uruapan Presico C-P,Presico,La Casita,Présico,México,México,Uruapan Presico,C
URUAPAN-P-R2,Centro,Centro,Morelia,Uruapan Presico C-P,Presico,Presico MX,Présico,México,México,Uruapan Presico,P
PACHUCA-C-R1,Centro,Centro Oriente,Pachuca,Pachuca La Casita,La Casita,La Casita,Présico,México,México,Pachuca La Casita,C
PACHUCA-C-R3,Centro,Centro Oriente,Pachuca,Pachuca La Casita,La Casita,La Casita,Présico,México,México,Pachuca La Casita,C
PACHUCA-C-R4,Centro,Centro Oriente,Pachuca,Pachuca La Casita,La Casita,La Casita,Présico,México,México,Pachuca La Casita,C
PACHUCA-LG-R1,Centro,Centro Oriente,Pachuca,Pachuca La Moderna LG-M,La Moderna,La Guerita,Présico,México,México,Pachuca La Moderna,LG
PACHUCA-M-R2,Centro,Centro Oriente,Pachuca,Pachuca La Moderna LG-M,La Moderna,La Moderna,Présico,México,México,Pachuca La Moderna,M
PACHUCA-M-R3,Centro,Centro Oriente,Pachuca,Pachuca La Moderna LG-M,La Moderna,La Moderna,Présico,México,México,Pachuca La Moderna,M
PACHUCA-P-R2,Centro,Centro Oriente,Pachuca,Pachuca Presico,Presico,Presico MX,Présico,México,México,Pachuca Presico,P
PACHUCA-P-R3,Centro,Centro Oriente,Pachuca,Pachuca Presico,Presico,Presico MX,Présico,México,México,Pachuca Presico,P
PACHUCA-P-R5,Centro,Centro Oriente,Pachuca,Pachuca Presico,Presico,Presico MX,Présico,México,México,Pachuca Presico,P
PUEBLA-C-R1,Centro,Centro Oriente,Puebla,Puebla La Casita,La Casita,La Casita,Présico,México,México,Puebla La Casita,C
PUEBLA-C-R2,Centro,Centro Oriente,Puebla,Puebla La Casita,La Casita,La Casita,Présico,México,México,Puebla La Casita,C
PUEBLA-C-R3,Centro,Centro Oriente,Puebla,Puebla La Casita,La Casita,La Casita,Présico,México,México,Puebla La Casita,C
PUEBLA-LG-R1,Centro,Centro Oriente,Puebla,Puebla La Guerita LG-LL,La Guerita,La Guerita,Présico,México,México,Puebla La Guerita,LG
PUEBLA-LG-R2,Centro,Centro Oriente,Puebla,Puebla La Guerita LG-LL,La Guerita,La Guerita,Présico,México,México,Puebla La Guerita,LG
PUEBLA-LL-R1,Centro,Centro Oriente,Puebla,Puebla La Guerita LG-LL,La Guerita,La Lupita,Présico,México,México,Puebla La Guerita,LL
PUEBLA-LL-R2,Centro,Centro Oriente,Puebla,Puebla La Guerita LG-LL,La Guerita,La Lupita,Présico,México,México,Puebla La Guerita,LL
PUEBLA-M-R1,Centro,Centro Oriente,Puebla,Puebla La Moderna,La Moderna,La Moderna,Présico,México,México,Puebla La Moderna,M
PUEBLA-M-R2,Centro,Centro Oriente,Puebla,Puebla La Moderna,La Moderna,La Moderna,Présico,México,México,Puebla La Moderna,M
PUEBLA-M-R5,Centro,Centro Oriente,Puebla,Puebla La Moderna,La Moderna,La Moderna,Présico,México,México,Puebla La Moderna,M
PUEBLA-M-R7,Centro,Centro Oriente,Puebla,Puebla La Moderna,La Moderna,La Moderna,Présico,México,México,Puebla La Moderna,M
PUEBLA-P-R2,Centro,Centro Oriente,Puebla,Puebla Presico,Presico,Presico MX,Présico,México,México,Puebla Presico,P
PUEBLA-P-R3,Centro,Centro Oriente,Puebla,Puebla Presico,Presico,Presico MX,Présico,México,México,Puebla Presico,P
PUEBLA-P-R5,Centro,Centro Oriente,Puebla,Puebla Presico,Presico,Presico MX,Présico,México,México,Puebla Presico,P
PUEBLA-P-R6,Centro,Centro Oriente,Puebla,Puebla Presico,Presico,Presico MX,Présico,México,México,Puebla Presico,P
PUEBLA-PU-R1,Centro,Centro Oriente,Puebla,Puebla PU,Prestamos Unidos,Prestamos Unidos,Présico,México,México,Puebla PU,PU
PUEBLA-PU-R2,Centro,Centro Oriente,Puebla,Puebla PU,Prestamos Unidos,Prestamos Unidos,Présico,México,México,Puebla PU,PU
PUEBLA-PU-R3,Centro,Centro Oriente,Puebla,Puebla PU,Prestamos Unidos,Prestamos Unidos,Présico,México,México,Puebla PU,PU
PUEBLA-PU-R4,Centro,Centro Oriente,Puebla,Puebla PU,Prestamos Unidos,Prestamos Unidos,Présico,México,México,Puebla PU,PU
PUEBLA-PU-R5,Centro,Centro Oriente,Puebla,Puebla PU,Prestamos Unidos,Prestamos Unidos,Présico,México,México,Puebla PU,PU
TLAXCALA-C-R1,Centro,Centro Oriente,Tlaxcala,Tlaxcala La Casita C-P,La Casita,La Casita,Présico,México,México,Tlaxcala La Casita,C
TLAXCALA-C-R2,Centro,Centro Oriente,Tlaxcala,Tlaxcala La Casita C-P,La Casita,La Casita,Présico,México,México,Tlaxcala La Casita,C
TLAXCALA-C-R3,Centro,Centro Oriente,Tlaxcala,Tlaxcala La Casita C-P,La Casita,La Casita,Présico,México,México,Tlaxcala La Casita,C
TLAXCALA-P-R1,Centro,Centro Oriente,Tlaxcala,Tlaxcala La Casita C-P,La Casita,Presico MX,Présico,México,México,Tlaxcala La Casita,P
TLAXCALA-PU-R1,Centro,Centro Oriente,Tlaxcala,Tlaxcala PU,Prestamos Unidos,Prestamos Unidos,Présico,México,México,Tlaxcala PU,PU
TLAXCALA-PU-R2,Centro,Centro Oriente,Tlaxcala,Tlaxcala PU,Prestamos Unidos,Prestamos Unidos,Présico,México,México,Tlaxcala PU,PU
TLAXCALA-PU-R3,Centro,Centro Oriente,Tlaxcala,Tlaxcala PU,Prestamos Unidos,Prestamos Unidos,Présico,México,México,Tlaxcala PU,PU
TLAXCALA-PU-R4,Centro,Centro Oriente,Tlaxcala,Tlaxcala PU,Prestamos Unidos,Prestamos Unidos,Présico,México,México,Tlaxcala PU,PU
ZACAPOAXTLA-C-R1,Centro,Centro Oriente,Tlaxcala,Zacapoaxtla La Casita,La Casita,La Casita,Présico,México,México,Zacapoaxtla La Casita,C
ZACAPOAXTLA-C-R2,Centro,Centro Oriente,Tlaxcala,Zacapoaxtla La Casita,La Casita,La Casita,Présico,México,México,Zacapoaxtla La Casita,C
ZACAPOAXTLA-C-R3,Centro,Centro Oriente,Tlaxcala,Zacapoaxtla La Casita,La Casita,La Casita,Présico,México,México,Zacapoaxtla La Casita,C
ZACAPOAXTLA-P-R1,Centro,Centro Oriente,Tlaxcala,Zacapoaxtla Presico,Presico,Presico MX,Présico,México,México,Zacapoaxtla Presico,P
ZACAPOAXTLA-P-R2,Centro,Centro Oriente,Tlaxcala,Zacapoaxtla Presico,Presico,Presico MX,Présico,México,México,Zacapoaxtla Presico,P
ZACAPOAXTLA-P-R3,Centro,Centro Oriente,Tlaxcala,Zacapoaxtla Presico,Presico,Presico MX,Présico,México,México,Zacapoaxtla Presico,P
ZACAPOAXTLA-PU-R1,Centro,Centro Oriente,Tlaxcala,Zacapoaxtla PU,Prestamos Unidos,Prestamos Unidos,Présico,México,México,Zacapoaxtla PU,PU
ZACAPOAXTLA-PU-R2,Centro,Centro Oriente,Tlaxcala,Zacapoaxtla PU,Prestamos Unidos,Prestamos Unidos,Présico,México,México,Zacapoaxtla PU,PU
ZACAPOAXTLA-PU-R3,Centro,Centro Oriente,Tlaxcala,Zacapoaxtla PU,Prestamos Unidos,Prestamos Unidos,Présico,México,México,Zacapoaxtla PU,PU
ZACATLAN-C-R1,Centro,Centro Oriente,Tlaxcala,Zacatlan Presico C-LG-P,Presico,La Casita,Présico,México,México,Zacatlan Presico,C
ZACATLAN-C-R2,Centro,Centro Oriente,Tlaxcala,Zacatlan Presico C-LG-P,Presico,La Casita,Présico,México,México,Zacatlan Presico,C
ZACATLAN-LG-R1,Centro,Centro Oriente,Tlaxcala,Zacatlan Presico C-LG-P,Presico,La Guerita,Présico,México,México,Zacatlan Presico,LG
ZACATLAN-P-R1,Centro,Centro Oriente,Tlaxcala,Zacatlan Presico C-LG-P,Presico,Presico MX,Présico,México,México,Zacatlan Presico,P
ACAPULCO-C-R3,Centro,Costa,Acapulco,Acapulco La Casita,La Casita,La Casita,Présico,México,México,Acapulco La Casita,C
ACAPULCO-M-R1,Centro,Costa,Acapulco,Acapulco Presico M-P,Presico,La Moderna,Présico,México,México,Acapulco Presico,M
ACAPULCO-M-R2,Centro,Costa,Acapulco,Acapulco Presico M-P,Presico,La Moderna,Présico,México,México,Acapulco Presico,M
ACAPULCO-P-R1,Centro,Costa,Acapulco,Acapulco Presico M-P,Presico,Presico MX,Présico,México,México,Acapulco Presico,P
ACAPULCO-P-R2,Centro,Costa,Acapulco,Acapulco Presico M-P,Presico,Presico MX,Présico,México,México,Acapulco Presico,P
CRUZ GRANDE-P-R2,Centro,Costa,Acapulco,Cruz Grande Presico,Presico,Presico MX,Présico,México,México,Cruz Grande Presico,P
OMETEPEC-M-R1,Centro,Costa,Acapulco,Ometepec Presico M-P,Presico,La Moderna,Présico,México,México,Ometepec Presico,M
OMETEPEC-P-R1,Centro,Costa,Acapulco,Ometepec Presico M-P,Presico,Presico MX,Présico,México,México,Ometepec Presico,P
OMETEPEC-P-R2,Centro,Costa,Acapulco,Ometepec Presico M-P,Presico,Presico MX,Présico,México,México,Ometepec Presico,P
CHILAPA-C-R1,Centro,Costa,Chilpancingo,Chilapa Presico C-M-P,Presico,La Casita,Présico,México,México,Chilapa Presico,C
CHILAPA-M-R1,Centro,Costa,Chilpancingo,Chilapa Presico C-M-P,Presico,La Moderna,Présico,México,México,Chilapa Presico,M
CHILAPA-P-R1,Centro,Costa,Chilpancingo,Chilapa Presico C-M-P,Presico,Presico MX,Présico,México,México,Chilapa Presico,P
CHILAPA-P-R2,Centro,Costa,Chilpancingo,Chilapa Presico C-M-P,Presico,Presico MX,Présico,México,México,Chilapa Presico,P
CHILPANCINGO-C-R2,Centro,Costa,Chilpancingo,Chilpancingo La Casita C-M,La Casita,La Casita,Présico,México,México,Chilpancingo La Casita,C
CHILPANCINGO-M-R2,Centro,Costa,Chilpancingo,Chilpancingo La Casita C-M,La Casita,La Moderna,Présico,México,México,Chilpancingo La Casita,M
CHILPANCINGO-P-R1,Centro,Costa,Chilpancingo,Chilpancingo Presico P-PU,Presico,Presico MX,Présico,México,México,Chilpancingo Presico,P
CHILPANCINGO-P-R2,Centro,Costa,Chilpancingo,Chilpancingo Presico P-PU,Presico,Presico MX,Présico,México,México,Chilpancingo Presico,P
CHILPANCINGO-P-R3,Centro,Costa,Chilpancingo,Chilpancingo Presico P-PU,Presico,Presico MX,Présico,México,México,Chilpancingo Presico,P
CHILPANCINGO-P-R4,Centro,Costa,Chilpancingo,Chilpancingo Presico P-PU,Presico,Presico MX,Présico,México,México,Chilpancingo Presico,P
CHILPANCINGO-PU-R1,Centro,Costa,Chilpancingo,Chilpancingo Presico P-PU,Presico,Prestamos Unidos,Présico,México,México,Chilpancingo Presico,PU
TLAPA-C-R1,Centro,Costa,Chilpancingo,Tlapa Presico C-P,Presico,La Casita,Présico,México,México,Tlapa Presico,C
TLAPA-P-R1,Centro,Costa,Chilpancingo,Tlapa Presico C-P,Presico,Presico MX,Présico,México,México,Tlapa Presico,P
TLAPA-P-R2,Centro,Costa,Chilpancingo,Tlapa Presico C-P,Presico,Presico MX,Présico,México,México,Tlapa Presico,P
IGUALA-C-R1,Centro,Costa,Ixtapan de la Sal,Iguala La Casita C-M,La Casita,La Casita,Présico,México,México,Iguala La Casita,C
IGUALA-C-R2,Centro,Costa,Ixtapan de la Sal,Iguala La Casita C-M,La Casita,La Casita,Présico,México,México,Iguala La Casita,C
IGUALA-M-R1,Centro,Costa,Ixtapan de la Sal,Iguala La Casita C-M,La Casita,La Moderna,Présico,México,México,Iguala La Casita,M
IGUALA-P-R1,Centro,Costa,Ixtapan de la Sal,Iguala Presico,Presico,Presico MX,Présico,México,México,Iguala Presico,P
IGUALA-P-R2,Centro,Costa,Ixtapan de la Sal,Iguala Presico,Presico,Presico MX,Présico,México,México,Iguala Presico,P
IGUALA-P-R3,Centro,Costa,Ixtapan de la Sal,Iguala Presico,Presico,Presico MX,Présico,México,México,Iguala Presico,P
IXTAPAN DE LA SAL-C-R1,Centro,Costa,Ixtapan de la Sal,Ixtapan de la Sal Presico C-P,Presico,La Casita,Présico,México,México,Ixtapan de la Sal Presico,C
IXTAPAN DE LA SAL-P-R1,Centro,Costa,Ixtapan de la Sal,Ixtapan de la Sal Presico C-P,Presico,Presico MX,Présico,México,México,Ixtapan de la Sal Presico,P
TAXCO-C-R1,Centro,Costa,Ixtapan de la Sal,Taxco La Casita C-M-P,La Casita,La Casita,Présico,México,México,Taxco La Casita,C
TAXCO-C-R2,Centro,Costa,Ixtapan de la Sal,Taxco La Casita C-M-P,La Casita,La Casita,Présico,México,México,Taxco La Casita,C
TAXCO-M-R1,Centro,Costa,Ixtapan de la Sal,Taxco La Casita C-M-P,La Casita,La Moderna,Présico,México,México,Taxco La Casita,M
TAXCO-P-R1,Centro,Costa,Ixtapan de la Sal,Taxco La Casita C-M-P,La Casita,Presico MX,Présico,México,México,Taxco La Casita,P
CUAUTLA-C-R1,Centro,Costa,Morelos,Cuautla La Casita C-PU,La Casita,La Casita,Présico,México,México,Cuautla La Casita,C
CUAUTLA-C-R2,Centro,Costa,Morelos,Cuautla La Casita C-PU,La Casita,La Casita,Présico,México,México,Cuautla La Casita,C
CUAUTLA-C-R3,Centro,Costa,Morelos,Cuautla La Casita C-PU,La Casita,La Casita,Présico,México,México,Cuautla La Casita,C
CUAUTLA-C-R4,Centro,Costa,Morelos,Cuautla La Casita C-PU,La Casita,La Casita,Présico,México,México,Cuautla La Casita,C
CUAUTLA-PU-R1,Centro,Costa,Morelos,Cuautla La Casita C-PU,La Casita,Prestamos Unidos,Présico,México,México,Cuautla La Casita,PU
CUAUTLA-M-R1,Centro,Costa,Morelos,Cuautla La Moderna,La Moderna,La Moderna,Présico,México,México,Cuautla La Moderna,M
CUAUTLA-M-R2,Centro,Costa,Morelos,Cuautla La Moderna,La Moderna,La Moderna,Présico,México,México,Cuautla La Moderna,M
CUAUTLA-M-R3,Centro,Costa,Morelos,Cuautla La Moderna,La Moderna,La Moderna,Présico,México,México,Cuautla La Moderna,M
CUAUTLA-P-R1,Centro,Costa,Morelos,Cuautla Presico,Presico,Presico MX,Présico,México,México,Cuautla Presico,P
CUAUTLA-P-R2,Centro,Costa,Morelos,Cuautla Presico,Presico,Presico MX,Présico,México,México,Cuautla Presico,P
CUAUTLA-P-R3,Centro,Costa,Morelos,Cuautla Presico,Presico,Presico MX,Présico,México,México,Cuautla Presico,P
CUAUTLA-P-R4,Centro,Costa,Morelos,Cuautla Presico,Presico,Presico MX,Présico,México,México,Cuautla Presico,P
CUERNAVACA-C-R1,Centro,Costa,Morelos,Cuernavaca Presico C-P,Presico,La Casita,Présico,México,México,Cuernavaca Presico,C
CUERNAVACA-P-R2,Centro,Costa,Morelos,Cuernavaca Presico C-P,Presico,Presico MX,Présico,México,México,Cuernavaca Presico,P
CUERNAVACA-P-R3,Centro,Costa,Morelos,Cuernavaca Presico C-P,Presico,Presico MX,Présico,México,México,Cuernavaca Presico,P
PINOTEPA-C-R1,Centro,Costa,Puerto Escondido,Pinotepa La Casita C-LL-P,La Casita,La Casita,Présico,México,México,Pinotepa La Casita,C
PINOTEPA-C-R3,Centro,Costa,Puerto Escondido,Pinotepa La Casita C-LL-P,La Casita,La Casita,Présico,México,México,Pinotepa La Casita,C
PINOTEPA-LL-R1,Centro,Costa,Puerto Escondido,Pinotepa La Casita C-LL-P,La Casita,La Lupita,Présico,México,México,Pinotepa La Casita,LL
PINOTEPA-P-R1,Centro,Costa,Puerto Escondido,Pinotepa La Casita C-LL-P,La Casita,Presico MX,Présico,México,México,Pinotepa La Casita,P
PINOTEPA-P-R2,Centro,Costa,Puerto Escondido,Pinotepa La Casita C-LL-P,La Casita,Presico MX,Présico,México,México,Pinotepa La Casita,P
POCHUTLA-LL-R1,Centro,Costa,Puerto Escondido,Pochutla Presico LL-P,Presico,La Lupita,Présico,México,México,Pochutla Presico,LL
POCHUTLA-P-R1,Centro,Costa,Puerto Escondido,Pochutla Presico LL-P,Presico,Presico MX,Présico,México,México,Pochutla Presico,P
POCHUTLA-P-R2,Centro,Costa,Puerto Escondido,Pochutla Presico LL-P,Presico,Presico MX,Présico,México,México,Pochutla Presico,P
PUERTO ESCONDIDO-C-R1,Centro,Costa,Puerto Escondido,Puerto Escondido La Moderna C-LL-M,La Moderna,La Casita,Présico,México,México,Puerto Escondido La Moderna,C
PUERTO ESCONDIDO-LL-R1,Centro,Costa,Puerto Escondido,Puerto Escondido La Moderna C-LL-M,La Moderna,La Lupita,Présico,México,México,Puerto Escondido La Moderna,LL
PUERTO ESCONDIDO-M-R1,Centro,Costa,Puerto Escondido,Puerto Escondido La Moderna C-LL-M,La Moderna,La Moderna,Présico,México,México,Puerto Escondido La Moderna,M
PUERTO ESCONDIDO-P-R2,Centro,Costa,Puerto Escondido,Puerto Escondido Presico,Presico,Presico MX,Présico,México,México,Puerto Escondido Presico,P
PUERTO ESCONDIDO-P-R3,Centro,Costa,Puerto Escondido,Puerto Escondido Presico,Presico,Presico MX,Présico,México,México,Puerto Escondido Presico,P
ALTAMIRANO-C-R1,Centro,Costa,Altamirano,Altamirano Presico C-M-P,Presico,La Casita,Présico,México,México,Altamirano Presico,C
ALTAMIRANO-C-R2,Centro,Costa,Altamirano,Altamirano Presico C-M-P,Presico,La Casita,Présico,México,México,Altamirano Presico,C
ALTAMIRANO-M-R1,Centro,Costa,Altamirano,Altamirano Presico C-M-P,Presico,La Moderna,Présico,México,México,Altamirano Presico,M
ALTAMIRANO-M-R2,Centro,Costa,Altamirano,Altamirano Presico C-M-P,Presico,La Moderna,Présico,México,México,Altamirano Presico,M
ALTAMIRANO-P-R1,Centro,Costa,Altamirano,Altamirano Presico C-M-P,Presico,Presico MX,Présico,México,México,Altamirano Presico,P
ALTAMIRANO-P-R3,Centro,Costa,Altamirano,Altamirano Presico C-M-P,Presico,Presico MX,Présico,México,México,Altamirano Presico,P
ALTAMIRANO-P-R4,Centro,Costa,Altamirano,Altamirano Presico C-M-P,Presico,Presico MX,Présico,México,México,Altamirano Presico,P
ALTAMIRANO-LG-R1,Centro,Costa,Altamirano,Altamirano La Guerita,La Guerita,La Guerita,Présico,México,México,Altamirano La Guerita,LG
LAZARO CARDENAS-C-R2,Centro,Costa,Zihuatanejo,Lazaro Cardenas La Casita,La Casita,La Casita,Présico,México,México,Lazaro Cardenas La Casita,C
ZIHUATANEJO-C-R2,Centro,Costa,Zihuatanejo,Zihuatanejo La Casita C-PU,La Casita,La Casita,Présico,México,México,Zihuatanejo La Casita,C
ZIHUATANEJO-C-R3,Centro,Costa,Zihuatanejo,Zihuatanejo La Casita C-PU,La Casita,La Casita,Présico,México,México,Zihuatanejo La Casita,C
ZIHUATANEJO-PU-R1,Centro,Costa,Zihuatanejo,Zihuatanejo La Casita C-PU,La Casita,Prestamos Unidos,Présico,México,México,Zihuatanejo La Casita,PU
ZIHUATANEJO-PU-R2,Centro,Costa,Zihuatanejo,Zihuatanejo La Casita C-PU,La Casita,Prestamos Unidos,Présico,México,México,Zihuatanejo La Casita,PU
ALTAMIRA-C-R1,Norte,Noreste,Altamira,Altamira La Casita C-PU,La Casita,La Casita,Présico,México,México,Altamira La Casita,C
ALTAMIRA-PU-R1,Norte,Noreste,Altamira,Altamira La Casita C-PU,Prestamos Unidos,Prestamos Unidos,Présico,México,México,Altamira La Casita,PU
ALTAMIRA-PU-R2,Norte,Noreste,Altamira,Altamira La Casita C-PU,Prestamos Unidos,Prestamos Unidos,Présico,México,México,Altamira La Casita,PU
ALTAMIRA-PU-R4,Norte,Noreste,Altamira,Altamira La Casita C-PU,Prestamos Unidos,Prestamos Unidos,Présico,México,México,Altamira La Casita,PU
ALTAMIRA-M-R3,Norte,Noreste,Altamira,Altamira La Moderna,La Moderna,La Moderna,Présico,México,México,Altamira La Moderna,M
ALTAMIRA-M-R4,Norte,Noreste,Altamira,Altamira La Moderna,La Moderna,La Moderna,Présico,México,México,Altamira La Moderna,M
ALTAMIRA-M-R5,Norte,Noreste,Altamira,Altamira La Moderna,La Moderna,La Moderna,Présico,México,México,Altamira La Moderna,M
ALTAMIRA-LG-R1,Norte,Noreste,Altamira,Altamira Presico LG-P,Presico,La Guerita,Présico,México,México,Altamira Presico,LG
ALTAMIRA-LG-R2,Norte,Noreste,Altamira,Altamira Presico LG-P,Presico,La Guerita,Présico,México,México,Altamira Presico,LG
ALTAMIRA-P-R1,Norte,Noreste,Altamira,Altamira Presico LG-P,Presico,Presico MX,Présico,México,México,Altamira Presico,P
ALTAMIRA-P-R3,Norte,Noreste,Altamira,Altamira Presico LG-P,Presico,Presico MX,Présico,México,México,Altamira Presico,P
MATAMOROS-C-R1,Norte,Noreste,Matamoros,Matamoros Presico C-P,Presico,La Casita,Présico,México,México,Matamoros Presico,C
MATAMOROS-C-R2,Norte,Noreste,Matamoros,Matamoros Presico C-P,Presico,La Casita,Présico,México,México,Matamoros Presico,C
MATAMOROS-P-R1,Norte,Noreste,Matamoros,Matamoros Presico C-P,Presico,Presico MX,Présico,México,México,Matamoros Presico,P
MATAMOROS-P-R2,Norte,Noreste,Matamoros,Matamoros Presico C-P,Presico,Presico MX,Présico,México,México,Matamoros Presico,P
REYNOSA-C-R1,Norte,Noreste,Matamoros,Reynosa La Casita C-LG-P,La Casita,La Casita,Présico,México,México,Reynosa La Casita,C
REYNOSA-LG-R1,Norte,Noreste,Matamoros,Reynosa La Casita C-LG-P,La Casita,La Guerita,Présico,México,México,Reynosa La Casita,LG
REYNOSA-P-R1,Norte,Noreste,Matamoros,Reynosa La Casita C-LG-P,La Casita,Presico MX,Présico,México,México,Reynosa La Casita,P
SOTO LA MARINA-C-R1,Norte,Noreste,Matamoros,Soto La Marina La Guerita C-LG,La Guerita,La Casita,Présico,México,México,Soto La Marina La Guerita,C
SOTO LA MARINA-LG-R1,Norte,Noreste,Matamoros,Soto La Marina La Guerita C-LG,La Guerita,La Guerita,Présico,México,México,Soto La Marina La Guerita,LG
SOTO LA MARINA-LG-R2,Norte,Noreste,Matamoros,Soto La Marina La Guerita C-LG,La Guerita,La Guerita,Présico,México,México,Soto La Marina La Guerita,LG
MATEHUALA-C-R2,Norte,Noreste,San Luis,Matehuala PU C-P-PU,Prestamos Unidos,La Casita,Présico,México,México,Matehuala PU,C
MATEHUALA-P-R2,Norte,Noreste,San Luis,Matehuala PU C-P-PU,Prestamos Unidos,Presico MX,Présico,México,México,Matehuala PU,P
MATEHUALA-P-R3,Norte,Noreste,San Luis,Matehuala PU C-P-PU,Prestamos Unidos,Presico MX,Présico,México,México,Matehuala PU,P
MATEHUALA-PU-R1,Norte,Noreste,San Luis,Matehuala PU C-P-PU,Prestamos Unidos,Prestamos Unidos,Présico,México,México,Matehuala PU,PU
MATEHUALA-PU-R2,Norte,Noreste,San Luis,Matehuala PU C-P-PU,Prestamos Unidos,Prestamos Unidos,Présico,México,México,Matehuala PU,PU
MATEHUALA-PU-R3,Norte,Noreste,San Luis,Matehuala PU C-P-PU,Prestamos Unidos,Prestamos Unidos,Présico,México,México,Matehuala PU,PU
SAN LUIS POTOSI-C-R2,Norte,Noreste,San Luis,San Luis Potosi La Guerita C-LG,La Guerita,La Casita,Présico,México,México,San Luis Potosi La Guerita,C
SAN LUIS POTOSI-C-R3,Norte,Noreste,San Luis,San Luis Potosi La Guerita C-LG,La Guerita,La Casita,Présico,México,México,San Luis Potosi La Guerita,C
SAN LUIS POTOSI-LG-R1,Norte,Noreste,San Luis,San Luis Potosi La Guerita C-LG,La Guerita,La Guerita,Présico,México,México,San Luis Potosi La Guerita,LG
SAN LUIS POTOSI-LG-R2,Norte,Noreste,San Luis,San Luis Potosi La Guerita C-LG,La Guerita,La Guerita,Présico,México,México,San Luis Potosi La Guerita,LG
SAN LUIS POTOSI-M-R2,Norte,Noreste,San Luis,San Luis Potosi La Moderna M-P,La Moderna,La Moderna,Présico,México,México,San Luis Potosi La Moderna,M
SAN LUIS POTOSI-P-R1,Norte,Noreste,San Luis,San Luis Potosi La Moderna M-P,La Moderna,Presico MX,Présico,México,México,San Luis Potosi La Moderna,P
SAN LUIS POTOSI-PU-R1,Norte,Noreste,San Luis,San Luis Potosi PU,Prestamos Unidos,Prestamos Unidos,Présico,México,México,San Luis Potosi PU,PU
SAN LUIS POTOSI-PU-R2,Norte,Noreste,San Luis,San Luis Potosi PU,Prestamos Unidos,Prestamos Unidos,Présico,México,México,San Luis Potosi PU,PU
SAN LUIS POTOSI-PU-R3,Norte,Noreste,San Luis,San Luis Potosi PU,Prestamos Unidos,Prestamos Unidos,Présico,México,México,San Luis Potosi PU,PU
CIUDAD VICTORIA-C-R1,Norte,Noreste,Tamaulipas Norte,Ciudad Victoria La Casita,La Casita,La Casita,Présico,México,México,Ciudad Victoria La Casita,C
CIUDAD VICTORIA-C-R2,Norte,Noreste,Tamaulipas Norte,Ciudad Victoria La Casita,La Casita,La Casita,Présico,México,México,Ciudad Victoria La Casita,C
CIUDAD VICTORIA-C-R3,Norte,Noreste,Tamaulipas Norte,Ciudad Victoria La Casita,La Casita,La Casita,Présico,México,México,Ciudad Victoria La Casita,C
CIUDAD VICTORIA-C-R4,Norte,Noreste,Tamaulipas Norte,Ciudad Victoria La Casita,La Casita,La Casita,Présico,México,México,Ciudad Victoria La Casita,C
CIUDAD VICTORIA-C-R5,Norte,Noreste,Tamaulipas Norte,Ciudad Victoria La Casita,La Casita,La Casita,Présico,México,México,Ciudad Victoria La Casita,C
CIUDAD VICTORIA-M-R1,Norte,Noreste,Tamaulipas Norte,Ciudad Victoria La Moderna,La Moderna,La Moderna,Présico,México,México,Ciudad Victoria La Moderna,M
CIUDAD VICTORIA-M-R2,Norte,Noreste,Tamaulipas Norte,Ciudad Victoria La Moderna,La Moderna,La Moderna,Présico,México,México,Ciudad Victoria La Moderna,M
CIUDAD VICTORIA-LG-R1,Norte,Noreste,Tamaulipas Norte,Ciudad Victoria Presico LG-P,Presico,La Guerita,Présico,México,México,Ciudad Victoria Presico,LG
CIUDAD VICTORIA-LG-R3,Norte,Noreste,Tamaulipas Norte,Ciudad Victoria Presico LG-P,Presico,La Guerita,Présico,México,México,Ciudad Victoria Presico,LG
CIUDAD VICTORIA-P-R1,Norte,Noreste,Tamaulipas Norte,Ciudad Victoria Presico LG-P,Presico,Presico MX,Présico,México,México,Ciudad Victoria Presico,P
CIUDAD VICTORIA-P-R2,Norte,Noreste,Tamaulipas Norte,Ciudad Victoria Presico LG-P,Presico,Presico MX,Présico,México,México,Ciudad Victoria Presico,P
CIUDAD VICTORIA-P-R3,Norte,Noreste,Tamaulipas Norte,Ciudad Victoria Presico LG-P,Presico,Presico MX,Présico,México,México,Ciudad Victoria Presico,P
CIUDAD VICTORIA-P-R4,Norte,Noreste,Tamaulipas Norte,Ciudad Victoria Presico LG-P,Presico,Presico MX,Présico,México,México,Ciudad Victoria Presico,P
CIUDAD VICTORIA-PU-R1,Norte,Noreste,Tamaulipas Norte,Ciudad Victoria PU,Prestamos Unidos,Prestamos Unidos,Présico,México,México,Ciudad Victoria PU,PU
CIUDAD VICTORIA-PU-R2,Norte,Noreste,Tamaulipas Norte,Ciudad Victoria PU,Prestamos Unidos,Prestamos Unidos,Présico,México,México,Ciudad Victoria PU,PU
CIUDAD VICTORIA-PU-R3,Norte,Noreste,Tamaulipas Norte,Ciudad Victoria PU,Prestamos Unidos,Prestamos Unidos,Présico,México,México,Ciudad Victoria PU,PU
HUEJUTLA-P-R1,Norte,Noreste,Tamazunchale,Huejutla Presico P-PU,Presico,Presico MX,Présico,México,México,Huejutla Presico,P
HUEJUTLA-P-R2,Norte,Noreste,Tamazunchale,Huejutla Presico P-PU,Presico,Presico MX,Présico,México,México,Huejutla Presico,P
TANTOYUCA-PU-R1,Norte,Noreste,Tamazunchale,Huejutla Presico P-PU,Presico,Prestamos Unidos,Présico,México,México,Huejutla Presico,PU
TANTOYUCA-PU-R3,Norte,Noreste,Tamazunchale,Huejutla Presico P-PU,Presico,Prestamos Unidos,Présico,México,México,Huejutla Presico,PU
TANTOYUCA-PU-R4,Norte,Noreste,Tamazunchale,Huejutla Presico P-PU,Presico,Prestamos Unidos,Présico,México,México,Huejutla Presico,PU
NARANJOS-C-R1,Norte,Noreste,Tamazunchale,Naranjos Presico C-P,Presico,La Casita,Présico,México,México,Naranjos Presico,C
NARANJOS-C-R2,Norte,Noreste,Tamazunchale,Naranjos Presico C-P,Presico,La Casita,Présico,México,México,Naranjos Presico,C
NARANJOS-P-R1,Norte,Noreste,Tamazunchale,Naranjos Presico C-P,Presico,Presico MX,Présico,México,México,Naranjos Presico,P
NARANJOS-P-R2,Norte,Noreste,Tamazunchale,Naranjos Presico C-P,Presico,Presico MX,Présico,México,México,Naranjos Presico,P
NARANJOS-P-R3,Norte,Noreste,Tamazunchale,Naranjos Presico C-P,Presico,Presico MX,Présico,México,México,Naranjos Presico,P
NARANJOS-PU-R1,Norte,Noreste,Tamazunchale,Naranjos PU,Prestamos Unidos,Prestamos Unidos,Présico,México,México,Naranjos PU,PU
NARANJOS-PU-R2,Norte,Noreste,Tamazunchale,Naranjos PU,Prestamos Unidos,Prestamos Unidos,Présico,México,México,Naranjos PU,PU
NARANJOS-PU-R3,Norte,Noreste,Tamazunchale,Naranjos PU,Prestamos Unidos,Prestamos Unidos,Présico,México,México,Naranjos PU,PU
NARANJOS-PU-R4,Norte,Noreste,Tamazunchale,Naranjos PU,Prestamos Unidos,Prestamos Unidos,Présico,México,México,Naranjos PU,PU
TAMAZUNCHALE-C-R1,Norte,Noreste,Tamazunchale,Tamazunchale Presico C-P,Presico,La Casita,Présico,México,México,Tamazunchale Presico,C
TAMAZUNCHALE-P-R1,Norte,Noreste,Tamazunchale,Tamazunchale Presico C-P,Presico,Presico MX,Présico,México,México,Tamazunchale Presico,P
TAMAZUNCHALE-P-R2,Norte,Noreste,Tamazunchale,Tamazunchale Presico C-P,Presico,Presico MX,Présico,México,México,Tamazunchale Presico,P
TAMAZUNCHALE-PU-R1,Norte,Noreste,Tamazunchale,Tamazunchale PU,Prestamos Unidos,Prestamos Unidos,Présico,México,México,Tamazunchale PU,PU
TAMAZUNCHALE-PU-R2,Norte,Noreste,Tamazunchale,Tamazunchale PU,Prestamos Unidos,Prestamos Unidos,Présico,México,México,Tamazunchale PU,PU
TAMAZUNCHALE-PU-R3,Norte,Noreste,Tamazunchale,Tamazunchale PU,Prestamos Unidos,Prestamos Unidos,Présico,México,México,Tamazunchale PU,PU
EL NARANJO-C-R1,Norte,Noreste,Valles,El Naranjo Presico C-P,Presico,La Casita,Présico,México,México,El Naranjo Presico,C
EL NARANJO-C-R2,Norte,Noreste,Valles,El Naranjo Presico C-P,Presico,La Casita,Présico,México,México,El Naranjo Presico,C
EL NARANJO-P-R1,Norte,Noreste,Valles,El Naranjo Presico C-P,Presico,Presico MX,Présico,México,México,El Naranjo Presico,P
EL NARANJO-P-R3,Norte,Noreste,Valles,El Naranjo Presico C-P,Presico,Presico MX,Présico,México,México,El Naranjo Presico,P
CD VALLES-C-R1,Norte,Noreste,Valles,Valles La Casita C-LG,La Casita,La Casita,Présico,México,México,Valles La Casita,C
CD VALLES-C-R2,Norte,Noreste,Valles,Valles La Casita C-LG,La Casita,La Casita,Présico,México,México,Valles La Casita,C
CD VALLES-LG-R2,Norte,Noreste,Valles,Valles La Casita C-LG,La Casita,La Guerita,Présico,México,México,Valles La Casita,LG
CD VALLES-LG-R3,Norte,Noreste,Valles,Valles La Casita C-LG,La Casita,La Guerita,Présico,México,México,Valles La Casita,LG
CD VALLES-M-R1,Norte,Noreste,Valles,Valles La Moderna,La Moderna,La Moderna,Présico,México,México,Valles La Moderna,M
CD VALLES-M-R2,Norte,Noreste,Valles,Valles La Moderna,La Moderna,La Moderna,Présico,México,México,Valles La Moderna,M
CD VALLES-M-R4,Norte,Noreste,Valles,Valles La Moderna,La Moderna,La Moderna,Présico,México,México,Valles La Moderna,M
CD VALLES-P-R1,Norte,Noreste,Valles,Valles Presico,Presico,Presico MX,Présico,México,México,Valles Presico,P
CD VALLES-P-R2,Norte,Noreste,Valles,Valles Presico,Presico,Presico MX,Présico,México,México,Valles Presico,P
CD VALLES-P-R3,Norte,Noreste,Valles,Valles Presico,Presico,Presico MX,Présico,México,México,Valles Presico,P
CD VALLES-P-R4,Norte,Noreste,Valles,Valles Presico,Presico,Presico MX,Présico,México,México,Valles Presico,P
CD VALLES-PU-R1,Norte,Noreste,Valles,Valles PU,Prestamos Unidos,Prestamos Unidos,Présico,México,México,Valles PU,PU
CD VALLES-PU-R2,Norte,Noreste,Valles,Valles PU,Prestamos Unidos,Prestamos Unidos,Présico,México,México,Valles PU,PU
CD VALLES-PU-R3,Norte,Noreste,Valles,Valles PU,Prestamos Unidos,Prestamos Unidos,Présico,México,México,Valles PU,PU
CD VALLES-PU-R4,Norte,Noreste,Valles,Valles PU,Prestamos Unidos,Prestamos Unidos,Présico,México,México,Valles PU,PU
CD JUAREZ-P-R1,Norte,Norte,Chihuahua,Cd Juarez Presico,Presico,Presico MX,Présico,México,México,Cd Juarez Presico,P
CD JUAREZ-P-R2,Norte,Norte,Chihuahua,Cd Juarez Presico,Presico,Presico MX,Présico,México,México,Cd Juarez Presico,P
CD JUAREZ-P-R3,Norte,Norte,Chihuahua,Cd Juarez Presico,Presico,Presico MX,Présico,México,México,Cd Juarez Presico,P
MEOQUI-C-R2,Norte,Norte,Chihuahua,Meoqui La Casita C-M,La Casita,La Casita,Présico,México,México,Meoqui La Casita,C
MEOQUI-C-R3,Norte,Norte,Chihuahua,Meoqui La Casita C-M,La Casita,La Casita,Présico,México,México,Meoqui La Casita,C
MEOQUI-M-R1,Norte,Norte,Chihuahua,Meoqui La Casita C-M,La Casita,La Moderna,Présico,México,México,Meoqui La Casita,M
JIMENEZ-P-R1,Norte,Norte,Chihuahua,Meoqui Presico P-PU,Presico,Presico MX,Présico,México,México,Meoqui Presico,P
MEOQUI-P-R1,Norte,Norte,Chihuahua,Meoqui Presico P-PU,Presico,Presico MX,Présico,México,México,Meoqui Presico,P
MEOQUI-P-R3,Norte,Norte,Chihuahua,Meoqui Presico P-PU,Presico,Presico MX,Présico,México,México,Meoqui Presico,P
MEOQUI-PU-R1,Norte,Norte,Chihuahua,Meoqui Presico P-PU,Presico,Prestamos Unidos,Présico,México,México,Meoqui Presico,PU
PARRAL-P-R1,Norte,Norte,Chihuahua,Meoqui Presico P-PU,Presico,Presico MX,Présico,México,México,Meoqui Presico,P
DURANGO-C-R1,Norte,Norte,Durango,Durango La Casita C-LG,La Casita,La Casita,Présico,México,México,Durango La Casita,C
DURANGO-C-R2,Norte,Norte,Durango,Durango La Casita C-LG,La Casita,La Casita,Présico,México,México,Durango La Casita,C
DURANGO-C-R3,Norte,Norte,Durango,Durango La Casita C-LG,La Casita,La Casita,Présico,México,México,Durango La Casita,C
DURANGO-LG-R1,Norte,Norte,Durango,Durango La Casita C-LG,La Casita,La Guerita,Présico,México,México,Durango La Casita,LG
DURANGO-LL-R1,Norte,Norte,Durango,Durango La Lupita,La Lupita,La Lupita,Présico,México,México,Durango La Lupita,LL
DURANGO-LL-R2,Norte,Norte,Durango,Durango La Lupita,La Lupita,La Lupita,Présico,México,México,Durango La Lupita,LL
DURANGO-LL-R3,Norte,Norte,Durango,Durango La Lupita,La Lupita,La Lupita,Présico,México,México,Durango La Lupita,LL
DURANGO-LL-R4,Norte,Norte,Durango,Durango La Lupita,La Lupita,La Lupita,Présico,México,México,Durango La Lupita,LL
DURANGO-M-R1,Norte,Norte,Durango,Durango La Moderna,La Moderna,La Moderna,Présico,México,México,Durango La Moderna,M
DURANGO-M-R2,Norte,Norte,Durango,Durango La Moderna,La Moderna,La Moderna,Présico,México,México,Durango La Moderna,M
DURANGO-M-R3,Norte,Norte,Durango,Durango La Moderna,La Moderna,La Moderna,Présico,México,México,Durango La Moderna,M
DURANGO-M-R4,Norte,Norte,Durango,Durango La Moderna,La Moderna,La Moderna,Présico,México,México,Durango La Moderna,M
DURANGO-M-R5,Norte,Norte,Durango,Durango La Moderna,La Moderna,La Moderna,Présico,México,México,Durango La Moderna,M
DURANGO-P-R1,Norte,Norte,Durango,Durango Presico,Presico,Presico MX,Présico,México,México,Durango Presico,P
DURANGO-P-R2,Norte,Norte,Durango,Durango Presico,Presico,Presico MX,Présico,México,México,Durango Presico,P
DURANGO-P-R3,Norte,Norte,Durango,Durango Presico,Presico,Presico MX,Présico,México,México,Durango Presico,P
DURANGO-P-R4,Norte,Norte,Durango,Durango Presico,Presico,Presico MX,Présico,México,México,Durango Presico,P
DURANGO-P-R5,Norte,Norte,Durango,Durango Presico,Presico,Presico MX,Présico,México,México,Durango Presico,P
DURANGO-PU-R1,Norte,Norte,Durango,Durango PU,Prestamos Unidos,Prestamos Unidos,Présico,México,México,Durango PU,PU
DURANGO-PU-R2,Norte,Norte,Durango,Durango PU,Prestamos Unidos,Prestamos Unidos,Présico,México,México,Durango PU,PU
DURANGO-PU-R3,Norte,Norte,Durango,Durango PU,Prestamos Unidos,Prestamos Unidos,Présico,México,México,Durango PU,PU
DURANGO-PU-R4,Norte,Norte,Durango,Durango PU,Prestamos Unidos,Prestamos Unidos,Présico,México,México,Durango PU,PU
LINARES-C-R2,Norte,Norte,Linares,Linares La Casita C-M,La Casita,La Casita,Présico,México,México,Linares La Casita,C
LINARES-C-R3,Norte,Norte,Linares,Linares La Casita C-M,La Casita,La Casita,Présico,México,México,Linares La Casita,C
LINARES-C-R4,Norte,Norte,Linares,Linares La Casita C-M,La Casita,La Casita,Présico,México,México,Linares La Casita,C
LINARES-M-R1,Norte,Norte,Linares,Linares La Casita C-M,La Casita,La Moderna,Présico,México,México,Linares La Casita,M
LINARES-P-R2,Norte,Norte,Linares,Linares Presico,Presico,Presico MX,Présico,México,México,Linares Presico,P
LINARES-P-R3,Norte,Norte,Linares,Linares Presico,Presico,Presico MX,Présico,México,México,Linares Presico,P
LINARES-P-R4,Norte,Norte,Linares,Linares Presico,Presico,Presico MX,Présico,México,México,Linares Presico,P
ALLENDE-M-R1,Norte,Norte,Saltillo,Allende La Moderna M-P,La Moderna,La Moderna,Présico,México,México,Allende La Moderna,M
ALLENDE-M-R2,Norte,Norte,Saltillo,Allende La Moderna M-P,La Moderna,La Moderna,Présico,México,México,Allende La Moderna,M
ALLENDE-P-R1,Norte,Norte,Saltillo,Allende La Moderna M-P,La Moderna,Presico MX,Présico,México,México,Allende La Moderna,P
MONCLOVA-C-R1,Norte,Norte,Saltillo,Monclova La Casita C-M,La Casita,La Casita,Présico,México,México,Monclova La Casita,C
MONCLOVA-C-R2,Norte,Norte,Saltillo,Monclova La Casita C-M,La Casita,La Casita,Présico,México,México,Monclova La Casita,C
MONCLOVA-M-R1,Norte,Norte,Saltillo,Monclova La Casita C-M,La Casita,La Moderna,Présico,México,México,Monclova La Casita,M
MONCLOVA-M-R2,Norte,Norte,Saltillo,Monclova La Casita C-M,La Casita,La Moderna,Présico,México,México,Monclova La Casita,M
MONCLOVA-P-R1,Norte,Norte,Saltillo,Monclova Presico,Presico,Presico MX,Présico,México,México,Monclova Presico,P
MONCLOVA-P-R2,Norte,Norte,Saltillo,Monclova Presico,Presico,Presico MX,Présico,México,México,Monclova Presico,P
MONCLOVA-P-R3,Norte,Norte,Saltillo,Monclova Presico,Presico,Presico MX,Présico,México,México,Monclova Presico,P
SALTILLO-C-R1,Norte,Norte,Saltillo,Saltillo La Casita C-PU,La Casita,La Casita,Présico,México,México,Saltillo La Casita,C
SALTILLO-C-R2,Norte,Norte,Saltillo,Saltillo La Casita C-PU,La Casita,La Casita,Présico,México,México,Saltillo La Casita,C
SALTILLO-PU-R1,Norte,Norte,Saltillo,Saltillo La Casita C-PU,La Casita,Prestamos Unidos,Présico,México,México,Saltillo La Casita,PU
SALTILLO-PU-R2,Norte,Norte,Saltillo,Saltillo La Casita C-PU,La Casita,Prestamos Unidos,Présico,México,México,Saltillo La Casita,PU
SALTILLO-M-R2,Norte,Norte,Saltillo,Saltillo Presico M-P,Presico,La Moderna,Présico,México,México,Saltillo Presico,M
SALTILLO-P-R1,Norte,Norte,Saltillo,Saltillo Presico M-P,Presico,Presico MX,Présico,México,México,Saltillo Presico,P
SALTILLO-P-R2,Norte,Norte,Saltillo,Saltillo Presico M-P,Presico,Presico MX,Présico,México,México,Saltillo Presico,P
SALTILLO-P-R3,Norte,Norte,Saltillo,Saltillo Presico M-P,Presico,Presico MX,Présico,México,México,Saltillo Presico,P
TORREON-C-R1,Norte,Norte,Torreon,Torreon La Moderna C-M,La Moderna,La Casita,Présico,México,México,Torreon La Moderna,C
TORREON-M-R1,Norte,Norte,Torreon,Torreon La Moderna C-M,La Moderna,La Moderna,Présico,México,México,Torreon La Moderna,M
TORREON-M-R3,Norte,Norte,Torreon,Torreon La Moderna C-M,La Moderna,La Moderna,Présico,México,México,Torreon La Moderna,M
TORREON-P-R1,Norte,Norte,Torreon,Torreon Presico,Presico,Presico MX,Présico,México,México,Torreon Presico,P
TORREON-P-R2,Norte,Norte,Torreon,Torreon Presico,Presico,Presico MX,Présico,México,México,Torreon Presico,P
TORREON-P-R3,Norte,Norte,Torreon,Torreon Presico,Presico,Presico MX,Présico,México,México,Torreon Presico,P
TORREON-PU-R1,Norte,Norte,Torreon,Torreon PU,Prestamos Unidos,Prestamos Unidos,Présico,México,México,Torreon PU,PU
TORREON-PU-R2,Norte,Norte,Torreon,Torreon PU,Prestamos Unidos,Prestamos Unidos,Présico,México,México,Torreon PU,PU
TORREON-PU-R3,Norte,Norte,Torreon,Torreon PU,Prestamos Unidos,Prestamos Unidos,Présico,México,México,Torreon PU,PU
RIO GRANDE-M-R1,Norte,Norte,Zacatecas,Rio Grande La Moderna M-PU,La Moderna,La Moderna,Présico,México,México,Rio Grande La Moderna,M
RIO GRANDE-M-R2,Norte,Norte,Zacatecas,Rio Grande La Moderna M-PU,La Moderna,La Moderna,Présico,México,México,Rio Grande La Moderna,M
RIO GRANDE-PU-R1,Norte,Norte,Zacatecas,Rio Grande La Moderna M-PU,La Moderna,Prestamos Unidos,Présico,México,México,Rio Grande La Moderna,PU
RIO GRANDE-PU-R2,Norte,Norte,Zacatecas,Rio Grande La Moderna M-PU,La Moderna,Prestamos Unidos,Présico,México,México,Rio Grande La Moderna,PU
ZACATECAS-C-R1,Norte,Norte,Zacatecas,Zacatecas La Casita,La Casita,La Casita,Présico,México,México,Zacatecas La Casita,C
ZACATECAS-C-R2,Norte,Norte,Zacatecas,Zacatecas La Casita,La Casita,La Casita,Présico,México,México,Zacatecas La Casita,C
ZACATECAS-LL-R1,Norte,Norte,Zacatecas,Zacatecas La Moderna LL-M,La Moderna,La Lupita,Présico,México,México,Zacatecas La Moderna,LL
ZACATECAS-M-R1,Norte,Norte,Zacatecas,Zacatecas La Moderna LL-M,La Moderna,La Moderna,Présico,México,México,Zacatecas La Moderna,M
ZACATECAS-M-R2,Norte,Norte,Zacatecas,Zacatecas La Moderna LL-M,La Moderna,La Moderna,Présico,México,México,Zacatecas La Moderna,M
ZACATECAS-M-R3,Norte,Norte,Zacatecas,Zacatecas La Moderna LL-M,La Moderna,La Moderna,Présico,México,México,Zacatecas La Moderna,M
ZACATECAS-P-R1,Norte,Norte,Zacatecas,Zacatecas Presico,Presico,Presico MX,Présico,México,México,Zacatecas Presico,P
ZACATECAS-P-R3,Norte,Norte,Zacatecas,Zacatecas Presico,Presico,Presico MX,Présico,México,México,Zacatecas Presico,P
ZACATECAS-P-R4,Norte,Norte,Zacatecas,Zacatecas Presico,Presico,Presico MX,Présico,México,México,Zacatecas Presico,P
ZACATECAS-P-R5,Norte,Norte,Zacatecas,Zacatecas Presico,Presico,Presico MX,Présico,México,México,Zacatecas Presico,P
ZACATECAS-PU-R1,Norte,Norte,Zacatecas,Zacatecas PU,Prestamos Unidos,Prestamos Unidos,Présico,México,México,Zacatecas PU,PU
ZACATECAS-PU-R2,Norte,Norte,Zacatecas,Zacatecas PU,Prestamos Unidos,Prestamos Unidos,Présico,México,México,Zacatecas PU,PU
ZACATECAS-PU-R3,Norte,Norte,Zacatecas,Zacatecas PU,Prestamos Unidos,Prestamos Unidos,Présico,México,México,Zacatecas PU,PU
SAN JOSE DEL CABO-C-R1,Norte,Norte Pacifico,Cabo,San Jose Del Cabo La Casita C-LL,La Casita,La Casita,Présico,México,México,San Jose Del Cabo La Casita,C
SAN JOSE DEL CABO-C-R2,Norte,Norte Pacifico,Cabo,San Jose Del Cabo La Casita C-LL,La Casita,La Casita,Présico,México,México,San Jose Del Cabo La Casita,C
SAN JOSE DEL CABO-LL-R2,Norte,Norte Pacifico,Cabo,San Jose Del Cabo La Casita C-LL,La Casita,La Lupita,Présico,México,México,San Jose Del Cabo La Casita,LL
SAN JOSE DEL CABO-M-R1,Norte,Norte Pacifico,Cabo,San Jose Del Cabo La Moderna,La Moderna,La Moderna,Présico,México,México,San Jose Del Cabo La Moderna,M
SAN JOSE DEL CABO-M-R2,Norte,Norte Pacifico,Cabo,San Jose Del Cabo La Moderna,La Moderna,La Moderna,Présico,México,México,San Jose Del Cabo La Moderna,M
SAN JOSE DEL CABO-P-R1,Norte,Norte Pacifico,Cabo,San Jose Del Cabo Presico P-PU,Presico,Presico MX,Présico,México,México,San Jose Del Cabo Presico,P
SAN JOSE DEL CABO-PU-R1,Norte,Norte Pacifico,Cabo,San Jose Del Cabo Presico P-PU,Presico,Prestamos Unidos,Présico,México,México,San Jose Del Cabo Presico,PU
CABO SAN LUCAS-P-R1,Norte,Norte Pacifico,Cabo,San Lucas Presico,Presico,Presico MX,Présico,México,México,San Lucas Presico,P
CONSTITUCION-C-R1,Norte,Norte Pacifico,Ciudad Constitucion,Ciudad Constitucion La Casita C-LG,La Casita,La Casita,Présico,México,México,Ciudad Constitucion La Casita,C
CONSTITUCION-C-R2,Norte,Norte Pacifico,Ciudad Constitucion,Ciudad Constitucion La Casita C-LG,La Casita,La Casita,Présico,México,México,Ciudad Constitucion La Casita,C
CONSTITUCION-C-R3,Norte,Norte Pacifico,Ciudad Constitucion,Ciudad Constitucion La Casita C-LG,La Casita,La Casita,Présico,México,México,Ciudad Constitucion La Casita,C
CONSTITUCION-LG-R1,Norte,Norte Pacifico,Ciudad Constitucion,Ciudad Constitucion La Casita C-LG,La Casita,La Guerita,Présico,México,México,Ciudad Constitucion La Casita,LG
CONSTITUCION-LL-R1,Norte,Norte Pacifico,Ciudad Constitucion,Ciudad Constitucion La Moderna LL-M,La Moderna,La Lupita,Présico,México,México,Ciudad Constitucion La Moderna,LL
CONSTITUCION-LL-R2,Norte,Norte Pacifico,Ciudad Constitucion,Ciudad Constitucion La Moderna LL-M,La Moderna,La Lupita,Présico,México,México,Ciudad Constitucion La Moderna,LL
CONSTITUCION-M-R1,Norte,Norte Pacifico,Ciudad Constitucion,Ciudad Constitucion La Moderna LL-M,La Moderna,La Moderna,Présico,México,México,Ciudad Constitucion La Moderna,M
CONSTITUCION-M-R2,Norte,Norte Pacifico,Ciudad Constitucion,Ciudad Constitucion La Moderna LL-M,La Moderna,La Moderna,Présico,México,México,Ciudad Constitucion La Moderna,M
CONSTITUCION-P-R2,Norte,Norte Pacifico,Ciudad Constitucion,Ciudad Constitucion Presico P-PU,Presico,Presico MX,Présico,México,México,Ciudad Constitucion Presico,P
CONSTITUCION-P-R4,Norte,Norte Pacifico,Ciudad Constitucion,Ciudad Constitucion Presico P-PU,Presico,Presico MX,Présico,México,México,Ciudad Constitucion Presico,P
CONSTITUCION-PU-R1,Norte,Norte Pacifico,Ciudad Constitucion,Ciudad Constitucion Presico P-PU,Presico,Prestamos Unidos,Présico,México,México,Ciudad Constitucion Presico,PU
CONSTITUCION-PU-R2,Norte,Norte Pacifico,Ciudad Constitucion,Ciudad Constitucion Presico P-PU,Presico,Prestamos Unidos,Présico,México,México,Ciudad Constitucion Presico,PU
CONSTITUCION-PU-R3,Norte,Norte Pacifico,Ciudad Constitucion,Ciudad Constitucion Presico P-PU,Presico,Prestamos Unidos,Présico,México,México,Ciudad Constitucion Presico,PU
VIZCAINO-P-R1,Norte,Norte Pacifico,Ciudad Constitucion,Vizcaino Presico,Presico,Presico MX,Présico,México,México,Vizcaino Presico,P
VIZCAINO-P-R2,Norte,Norte Pacifico,Ciudad Constitucion,Vizcaino Presico,Presico,Presico MX,Présico,México,México,Vizcaino Presico,P
ENSENADA-C-R1,Norte,Norte Pacifico,Ensenada,Ensenada Presico C-M-P,Presico,La Casita,Présico,México,México,Ensenada Presico,C
ENSENADA-C-R2,Norte,Norte Pacifico,Ensenada,Ensenada Presico C-M-P,Presico,La Casita,Présico,México,México,Ensenada Presico,C
ENSENADA-M-R1,Norte,Norte Pacifico,Ensenada,Ensenada Presico C-M-P,Presico,La Moderna,Présico,México,México,Ensenada Presico,M
ENSENADA-M-R2,Norte,Norte Pacifico,Ensenada,Ensenada Presico C-M-P,Presico,La Moderna,Présico,México,México,Ensenada Presico,M
ENSENADA-P-R1,Norte,Norte Pacifico,Ensenada,Ensenada Presico C-M-P,Presico,Presico MX,Présico,México,México,Ensenada Presico,P
ENSENADA-P-R2,Norte,Norte Pacifico,Ensenada,Ensenada Presico C-M-P,Presico,Presico MX,Présico,México,México,Ensenada Presico,P
SAN QUINTIN-C-R1,Norte,Norte Pacifico,Ensenada,San Quintin Presico C-P,Presico,La Casita,Présico,México,México,San Quintin Presico,C
SAN QUINTIN-C-R2,Norte,Norte Pacifico,Ensenada,San Quintin Presico C-P,Presico,La Casita,Présico,México,México,San Quintin Presico,C
SAN QUINTIN-P-R1,Norte,Norte Pacifico,Ensenada,San Quintin Presico C-P,Presico,Presico MX,Présico,México,México,San Quintin Presico,P
SAN QUINTIN-P-R2,Norte,Norte Pacifico,Ensenada,San Quintin Presico C-P,Presico,Presico MX,Présico,México,México,San Quintin Presico,P
SAN QUINTIN-P-R3,Norte,Norte Pacifico,Ensenada,San Quintin Presico C-P,Presico,Presico MX,Présico,México,México,San Quintin Presico,P
TECATE-P-R1,Norte,Norte Pacifico,Ensenada,Tijuana La Moderna M-P,La Moderna,Presico MX,Présico,México,México,Tijuana La Moderna,P
TIJUANA-M-R1,Norte,Norte Pacifico,Ensenada,Tijuana La Moderna M-P,La Moderna,La Moderna,Présico,México,México,Tijuana La Moderna,M
TIJUANA-M-R2,Norte,Norte Pacifico,Ensenada,Tijuana La Moderna M-P,La Moderna,La Moderna,Présico,México,México,Tijuana La Moderna,M
MEXICALI-C-R1,Norte,Norte Pacifico,Mexicali,Mexicali La Casita C-LL,La Casita,La Casita,Présico,México,México,Mexicali La Casita,C
MEXICALI-C-R2,Norte,Norte Pacifico,Mexicali,Mexicali La Casita C-LL,La Casita,La Casita,Présico,México,México,Mexicali La Casita,C
MEXICALI-LL-R1,Norte,Norte Pacifico,Mexicali,Mexicali La Casita C-LL,La Casita,La Lupita,Présico,México,México,Mexicali La Casita,LL
MEXICALI-LL-R2,Norte,Norte Pacifico,Mexicali,Mexicali La Casita C-LL,La Casita,La Lupita,Présico,México,México,Mexicali La Casita,LL
MEXICALI-LG-R1,Norte,Norte Pacifico,Mexicali,Mexicali La Moderna LG-M,La Moderna,La Guerita,Présico,México,México,Mexicali La Moderna,LG
MEXICALI-LG-R2,Norte,Norte Pacifico,Mexicali,Mexicali La Moderna LG-M,La Moderna,La Guerita,Présico,México,México,Mexicali La Moderna,LG
MEXICALI-M-R1,Norte,Norte Pacifico,Mexicali,Mexicali La Moderna LG-M,La Moderna,La Moderna,Présico,México,México,Mexicali La Moderna,M
MEXICALI-M-R2,Norte,Norte Pacifico,Mexicali,Mexicali La Moderna LG-M,La Moderna,La Moderna,Présico,México,México,Mexicali La Moderna,M
MEXICALI-P-R1,Norte,Norte Pacifico,Mexicali,Mexicali Presico,Presico,Presico MX,Présico,México,México,Mexicali Presico,P
MEXICALI-P-R2,Norte,Norte Pacifico,Mexicali,Mexicali Presico,Presico,Presico MX,Présico,México,México,Mexicali Presico,P
MEXICALI-P-R3,Norte,Norte Pacifico,Mexicali,Mexicali Presico,Presico,Presico MX,Présico,México,México,Mexicali Presico,P
LA PAZ-C-R1,Norte,Norte Pacifico,Paz,La Paz La Casita C-LL-PU,La Casita,La Casita,Présico,México,México,La Paz La Casita,C
LA PAZ-C-R2,Norte,Norte Pacifico,Paz,La Paz La Casita C-LL-PU,La Casita,La Casita,Présico,México,México,La Paz La Casita,C
LA PAZ-LL-R1,Norte,Norte Pacifico,Paz,La Paz La Casita C-LL-PU,La Casita,La Lupita,Présico,México,México,La Paz La Casita,LL
LA PAZ-PU-R1,Norte,Norte Pacifico,Paz,La Paz La Casita C-LL-PU,La Casita,Prestamos Unidos,Présico,México,México,La Paz La Casita,PU
LA PAZ-PU-R2,Norte,Norte Pacifico,Paz,La Paz La Casita C-LL-PU,La Casita,Prestamos Unidos,Présico,México,México,La Paz La Casita,PU
LA PAZ-M-R1,Norte,Norte Pacifico,Paz,La Paz Presico M-P,Presico,La Moderna,Présico,México,México,La Paz Presico,M
LA PAZ-M-R2,Norte,Norte Pacifico,Paz,La Paz Presico M-P,Presico,La Moderna,Présico,México,México,La Paz Presico,M
LA PAZ-P-R1,Norte,Norte Pacifico,Paz,La Paz Presico M-P,Presico,Presico MX,Présico,México,México,La Paz Presico,P
LA PAZ-P-R3,Norte,Norte Pacifico,Paz,La Paz Presico M-P,Presico,Presico MX,Présico,México,México,La Paz Presico,P
SAN LUIS RIO COLORADO-C-R1,Norte,Norte Pacifico,San Luis Rio Colorado,San Luis Rio Colorado La Casita C-PU,La Casita,La Casita,Présico,México,México,San Luis Rio Colorado La Casita,C
SAN LUIS RIO COLORADO-C-R3,Norte,Norte Pacifico,San Luis Rio Colorado,San Luis Rio Colorado La Casita C-PU,La Casita,La Casita,Présico,México,México,San Luis Rio Colorado La Casita,C
SAN LUIS RIO COLORADO-PU-R1,Norte,Norte Pacifico,San Luis Rio Colorado,San Luis Rio Colorado La Casita C-PU,La Casita,Prestamos Unidos,Présico,México,México,San Luis Rio Colorado La Casita,PU
SAN LUIS RIO COLORADO-PU-R2,Norte,Norte Pacifico,San Luis Rio Colorado,San Luis Rio Colorado La Casita C-PU,La Casita,Prestamos Unidos,Présico,México,México,San Luis Rio Colorado La Casita,PU
SAN LUIS RIO COLORADO-PU-R3,Norte,Norte Pacifico,San Luis Rio Colorado,San Luis Rio Colorado La Casita C-PU,La Casita,Prestamos Unidos,Présico,México,México,San Luis Rio Colorado La Casita,PU
SAN LUIS RIO COLORADO-LL-R1,Norte,Norte Pacifico,San Luis Rio Colorado,San Luis Rio Colorado La Moderna LL-M,La Moderna,La Lupita,Présico,México,México,San Luis Rio Colorado La Moderna,LL
SAN LUIS RIO COLORADO-LL-R2,Norte,Norte Pacifico,San Luis Rio Colorado,San Luis Rio Colorado La Moderna LL-M,La Moderna,La Lupita,Présico,México,México,San Luis Rio Colorado La Moderna,LL
SAN LUIS RIO COLORADO-LL-R3,Norte,Norte Pacifico,San Luis Rio Colorado,San Luis Rio Colorado La Moderna LL-M,La Moderna,La Lupita,Présico,México,México,San Luis Rio Colorado La Moderna,LL
SAN LUIS RIO COLORADO-M-R1,Norte,Norte Pacifico,San Luis Rio Colorado,San Luis Rio Colorado La Moderna LL-M,La Moderna,La Moderna,Présico,México,México,San Luis Rio Colorado La Moderna,M
SAN LUIS RIO COLORADO-M-R2,Norte,Norte Pacifico,San Luis Rio Colorado,San Luis Rio Colorado La Moderna LL-M,La Moderna,La Moderna,Présico,México,México,San Luis Rio Colorado La Moderna,M
SAN LUIS RIO COLORADO-M-R3,Norte,Norte Pacifico,San Luis Rio Colorado,San Luis Rio Colorado La Moderna LL-M,La Moderna,La Moderna,Présico,México,México,San Luis Rio Colorado La Moderna,M
SAN LUIS RIO COLORADO-LG-R1,Norte,Norte Pacifico,San Luis Rio Colorado,San Luis Rio Colorado Presico LG-P,Presico,La Guerita,Présico,México,México,San Luis Rio Colorado Presico,LG
SAN LUIS RIO COLORADO-P-R1,Norte,Norte Pacifico,San Luis Rio Colorado,San Luis Rio Colorado Presico LG-P,Presico,Presico MX,Présico,México,México,San Luis Rio Colorado Presico,P
SAN LUIS RIO COLORADO-P-R2,Norte,Norte Pacifico,San Luis Rio Colorado,San Luis Rio Colorado Presico LG-P,Presico,Presico MX,Présico,México,México,San Luis Rio Colorado Presico,P
SAN LUIS RIO COLORADO-P-R3,Norte,Norte Pacifico,San Luis Rio Colorado,San Luis Rio Colorado Presico LG-P,Presico,Presico MX,Présico,México,México,San Luis Rio Colorado Presico,P
HERMOSILLO-LG-R1,Norte,Pacifico Norte,Hermosillo,Hermosillo La Moderna LG-M,La Moderna,La Guerita,Présico,México,México,Hermosillo La Moderna,LG
HERMOSILLO-M-R1,Norte,Pacifico Norte,Hermosillo,Hermosillo La Moderna LG-M,La Moderna,La Moderna,Présico,México,México,Hermosillo La Moderna,M
HERMOSILLO-M-R2,Norte,Pacifico Norte,Hermosillo,Hermosillo La Moderna LG-M,La Moderna,La Moderna,Présico,México,México,Hermosillo La Moderna,M
HERMOSILLO-C-R1,Norte,Pacifico Norte,Hermosillo,Hermosillo Presico C-LL-P,Presico,La Casita,Présico,México,México,Hermosillo Presico,C
HERMOSILLO-LL-R1,Norte,Pacifico Norte,Hermosillo,Hermosillo Presico C-LL-P,Presico,La Lupita,Présico,México,México,Hermosillo Presico,LL
HERMOSILLO-LL-R2,Norte,Pacifico Norte,Hermosillo,Hermosillo Presico C-LL-P,Presico,La Lupita,Présico,México,México,Hermosillo Presico,LL
HERMOSILLO-P-R1,Norte,Pacifico Norte,Hermosillo,Hermosillo Presico C-LL-P,Presico,Presico MX,Présico,México,México,Hermosillo Presico,P
HERMOSILLO-P-R3,Norte,Pacifico Norte,Hermosillo,Hermosillo Presico C-LL-P,Presico,Presico MX,Présico,México,México,Hermosillo Presico,P
NACOZARI-M-R1,Norte,Pacifico Norte,Nacozari,Nacozari La Moderna LG-LL-M,La Moderna,La Moderna,Présico,México,México,Nacozari La Moderna,M
NACOZARI-LL-R1,Norte,Pacifico Norte,Nacozari,Nacozari La Moderna LG-LL-M,La Moderna,La Lupita,Présico,México,México,Nacozari La Moderna,LL
NACOZARI-LG-R1,Norte,Pacifico Norte,Nacozari,Nacozari La Moderna LG-LL-M,La Moderna,La Guerita,Présico,México,México,Nacozari La Moderna,LG
MAGDALENA DE KINO-C-R1,Norte,Pacifico Norte,Magdalena,Magdalena De Kino La Casita C-M,La Casita,La Casita,Présico,México,México,Magdalena De Kino La Casita,C
MAGDALENA DE KINO-M-R1,Norte,Pacifico Norte,Magdalena,Magdalena De Kino La Casita C-M,La Casita,La Moderna,Présico,México,México,Magdalena De Kino La Casita,M
MAGDALENA DE KINO-M-R2,Norte,Pacifico Norte,Magdalena,Magdalena De Kino La Casita C-M,La Casita,La Moderna,Présico,México,México,Magdalena De Kino La Casita,M
MAGDALENA DE KINO-LG-R1,Norte,Pacifico Norte,Nacozari,Nacozari La Moderna LG-LL-M,Presico,La Guerita,Présico,México,México,Nacozari La Moderna,LG
MAGDALENA DE KINO-LL-R1,Norte,Pacifico Norte,Magdalena,Magdalena De Kino Presico LL-P,Presico,La Lupita,Présico,México,México,Magdalena De Kino Presico,LL
MAGDALENA DE KINO-LL-R2,Norte,Pacifico Norte,Magdalena,Magdalena De Kino Presico LL-P,Presico,La Lupita,Présico,México,México,Magdalena De Kino Presico,LL
MAGDALENA DE KINO-P-R1,Norte,Pacifico Norte,Magdalena,Magdalena De Kino Presico LL-P,Presico,Presico MX,Présico,México,México,Magdalena De Kino Presico,P
MAGDALENA DE KINO-P-R4,Norte,Pacifico Norte,Magdalena,Magdalena De Kino Presico LL-P,Presico,Presico MX,Présico,México,México,Magdalena De Kino Presico,P
NAVOJOA-C-R2,Norte,Pacifico Norte,Navojoa,Navojoa La Casita C-LG,La Casita,La Casita,Présico,México,México,Navojoa La Casita,C
NAVOJOA-C-R3,Norte,Pacifico Norte,Navojoa,Navojoa La Casita C-LG,La Casita,La Casita,Présico,México,México,Navojoa La Casita,C
NAVOJOA-C-R4,Norte,Pacifico Norte,Navojoa,Navojoa La Casita C-LG,La Casita,La Casita,Présico,México,México,Navojoa La Casita,C
NAVOJOA-C-R6,Norte,Pacifico Norte,Navojoa,Navojoa La Casita C-LG,La Casita,La Casita,Présico,México,México,Navojoa La Casita,C
NAVOJOA-LG-R1,Norte,Pacifico Norte,Navojoa,Navojoa La Casita C-LG,La Casita,La Guerita,Présico,México,México,Navojoa La Casita,LG
NAVOJOA-LG-R2,Norte,Pacifico Norte,Navojoa,Navojoa La Casita C-LG,La Casita,La Guerita,Présico,México,México,Navojoa La Casita,LG
NAVOJOA-LG-R3,Norte,Pacifico Norte,Navojoa,Navojoa La Casita C-LG,La Casita,La Guerita,Présico,México,México,Navojoa La Casita,LG
NAVOJOA-M-R1,Norte,Pacifico Norte,Navojoa,Navojoa La Moderna M-PU,La Moderna,La Moderna,Présico,México,México,Navojoa La Moderna,M
NAVOJOA-M-R2,Norte,Pacifico Norte,Navojoa,Navojoa La Moderna M-PU,La Moderna,La Moderna,Présico,México,México,Navojoa La Moderna,M
NAVOJOA-M-R3,Norte,Pacifico Norte,Navojoa,Navojoa La Moderna M-PU,La Moderna,La Moderna,Présico,México,México,Navojoa La Moderna,M
NAVOJOA-M-R4,Norte,Pacifico Norte,Navojoa,Navojoa La Moderna M-PU,La Moderna,La Moderna,Présico,México,México,Navojoa La Moderna,M
NAVOJOA-PU-R1,Norte,Pacifico Norte,Navojoa,Navojoa La Moderna M-PU,La Moderna,Prestamos Unidos,Présico,México,México,Navojoa La Moderna,PU
NAVOJOA-PU-R2,Norte,Pacifico Norte,Navojoa,Navojoa La Moderna M-PU,La Moderna,Prestamos Unidos,Présico,México,México,Navojoa La Moderna,PU
NAVOJOA-LL-R1,Norte,Pacifico Norte,Navojoa,Navojoa Presico LL-P,Presico,La Lupita,Présico,México,México,Navojoa Presico,LL
NAVOJOA-LL-R2,Norte,Pacifico Norte,Navojoa,Navojoa Presico LL-P,Presico,La Lupita,Présico,México,México,Navojoa Presico,LL
NAVOJOA-LL-R3,Norte,Pacifico Norte,Navojoa,Navojoa Presico LL-P,Presico,La Lupita,Présico,México,México,Navojoa Presico,LL
NAVOJOA-P-R1,Norte,Pacifico Norte,Navojoa,Navojoa Presico LL-P,Presico,Presico MX,Présico,México,México,Navojoa Presico,P
NAVOJOA-P-R2,Norte,Pacifico Norte,Navojoa,Navojoa Presico LL-P,Presico,Presico MX,Présico,México,México,Navojoa Presico,P
NAVOJOA-P-R3,Norte,Pacifico Norte,Navojoa,Navojoa Presico LL-P,Presico,Presico MX,Présico,México,México,Navojoa Presico,P
OBREGON-C-R4,Norte,Pacifico Norte,Obregon,Obregon La Casita C-PU,La Casita,La Casita,Présico,México,México,Obregon La Casita,C
OBREGON-C-R5,Norte,Pacifico Norte,Obregon,Obregon La Casita C-PU,La Casita,La Casita,Présico,México,México,Obregon La Casita,C
OBREGON-C-R6,Norte,Pacifico Norte,Obregon,Empalme C-LL,La Casita,La Casita,Présico,México,México,Empalme,C
OBREGON-C-R8,Norte,Pacifico Norte,Obregon,Obregon La Casita C-PU,La Casita,La Casita,Présico,México,México,Obregon La Casita,C
OBREGON-LG-R1,Norte,Pacifico Norte,Obregon,Obregon La Moderna LG-M,La Moderna,La Guerita,Présico,México,México,Obregon La Moderna,LG
OBREGON-LG-R2,Norte,Pacifico Norte,Obregon,Obregon La Moderna LG-M,La Moderna,La Guerita,Présico,México,México,Obregon La Moderna,LG
OBREGON-LG-R3,Norte,Pacifico Norte,Obregon,Obregon La Moderna LG-M,La Moderna,La Guerita,Présico,México,México,Obregon La Moderna,LG
OBREGON-M-R2,Norte,Pacifico Norte,Obregon,Obregon La Moderna LG-M,La Moderna,La Moderna,Présico,México,México,Obregon La Moderna,M
OBREGON-M-R3,Norte,Pacifico Norte,Obregon,Obregon La Moderna LG-M,La Moderna,La Moderna,Présico,México,México,Obregon La Moderna,M
OBREGON-LL-R1,Norte,Pacifico Norte,Obregon,Empalme C-LL,Presico,La Lupita,Présico,México,México,Empalme,LL
OBREGON-LL-R2,Norte,Pacifico Norte,Obregon,Obregon Presico LL-P,Presico,La Lupita,Présico,México,México,Obregon Presico,LL
OBREGON-LL-R3,Norte,Pacifico Norte,Obregon,Obregon Presico LL-P,Presico,La Lupita,Présico,México,México,Obregon Presico,LL
OBREGON-P-R3,Norte,Pacifico Norte,Obregon,Obregon Presico LL-P,Presico,Presico MX,Présico,México,México,Obregon Presico,P
OBREGON-P-R7,Norte,Pacifico Norte,Obregon,Obregon Presico LL-P,Presico,Presico MX,Présico,México,México,Obregon Presico,P
OBREGON-PU-R1,Norte,Pacifico Norte,Obregon,Obregon La Casita C-PU,Prestamos Unidos,Prestamos Unidos,Présico,México,México,Obregon La Casita,PU
OBREGON-PU-R2,Norte,Pacifico Norte,Obregon,Obregon La Casita C-PU,Prestamos Unidos,Prestamos Unidos,Présico,México,México,Obregon La Casita,PU
OBREGON-PU-R3,Norte,Pacifico Norte,Obregon,Obregon La Casita C-PU,Prestamos Unidos,Prestamos Unidos,Présico,México,México,Obregon La Casita,PU
CULIACAN-C-R10,Norte,Pacifico Sur,Culiacan,Culiacan La Casita C-PU,La Casita,La Casita,Présico,México,México,Culiacan La Casita,C
CULIACAN-C-R12,Norte,Pacifico Sur,Culiacan,Culiacan La Casita C-PU,La Casita,La Casita,Présico,México,México,Culiacan La Casita,C
CULIACAN-C-R8,Norte,Pacifico Sur,Culiacan,Culiacan La Casita C-PU,La Casita,La Casita,Présico,México,México,Culiacan La Casita,C
CULIACAN-PU-R2,Norte,Pacifico Sur,Culiacan,Culiacan La Casita C-PU,La Casita,Prestamos Unidos,Présico,México,México,Culiacan La Casita,PU
CULIACAN-PU-R3,Norte,Pacifico Sur,Culiacan,Culiacan La Casita C-PU,La Casita,Prestamos Unidos,Présico,México,México,Culiacan La Casita,PU
CULIACAN-LG-R3,Norte,Pacifico Sur,Culiacan,Culiacan La Moderna LG-LL-M,La Moderna,La Guerita,Présico,México,México,Culiacan La Moderna,LG
CULIACAN-LL-R4,Norte,Pacifico Sur,Culiacan,Culiacan La Moderna LG-LL-M,La Moderna,La Lupita,Présico,México,México,Culiacan La Moderna,LL
CULIACAN-M-R2,Norte,Pacifico Sur,Culiacan,Culiacan La Moderna LG-LL-M,La Moderna,La Moderna,Présico,México,México,Culiacan La Moderna,M
CULIACAN-M-R3,Norte,Pacifico Sur,Culiacan,Culiacan La Moderna LG-LL-M,La Moderna,La Moderna,Présico,México,México,Culiacan La Moderna,M
CULIACAN-M-R6,Norte,Pacifico Sur,Culiacan,Culiacan La Moderna LG-LL-M,La Moderna,La Moderna,Présico,México,México,Culiacan La Moderna,M
CULIACAN-P-R1,Norte,Pacifico Sur,Culiacan,Culiacan Presico,Presico,Presico MX,Présico,México,México,Culiacan Presico,P
CULIACAN-P-R2,Norte,Pacifico Sur,Culiacan,Culiacan Presico,Presico,Presico MX,Présico,México,México,Culiacan Presico,P
CULIACAN-P-R9,Norte,Pacifico Sur,Culiacan,Culiacan Presico,Presico,Presico MX,Présico,México,México,Culiacan Presico,P
CULIACAN-P-R10,Norte,Pacifico Sur,Culiacan,Culiacan Presico,Presico,Presico MX,Présico,México,México,Culiacan Presico,P
MOCHIS-C-R2,Norte,Pacifico Sur,Mochis,Mochis La Casita C-LG,La Casita,La Casita,Présico,México,México,Mochis La Casita,C
MOCHIS-C-R3,Norte,Pacifico Sur,Mochis,Mochis La Casita C-LG,La Casita,La Casita,Présico,México,México,Mochis La Casita,C
MOCHIS-C-R9,Norte,Pacifico Sur,Mochis,Mochis La Casita C-LG,La Casita,La Casita,Présico,México,México,Mochis La Casita,C
MOCHIS-LG-R2,Norte,Pacifico Sur,Mochis,Mochis La Casita C-LG,La Casita,La Guerita,Présico,México,México,Mochis La Casita,LG
MOCHIS-LG-R3,Norte,Pacifico Sur,Mochis,Mochis La Casita C-LG,La Casita,La Guerita,Présico,México,México,Mochis La Casita,LG
MOCHIS-M-R1,Norte,Pacifico Sur,Mochis,Mochis La Moderna M-PU,La Moderna,La Moderna,Présico,México,México,Mochis La Moderna,M
MOCHIS-M-R2,Norte,Pacifico Sur,Mochis,Mochis La Moderna M-PU,La Moderna,La Moderna,Présico,México,México,Mochis La Moderna,M
MOCHIS-M-R4,Norte,Pacifico Sur,Mochis,Mochis La Moderna M-PU,La Moderna,La Moderna,Présico,México,México,Mochis La Moderna,M
MOCHIS-PU-R1,Norte,Pacifico Sur,Mochis,Mochis La Moderna M-PU,La Moderna,Prestamos Unidos,Présico,México,México,Mochis La Moderna,PU
MOCHIS-PU-R2,Norte,Pacifico Sur,Mochis,Mochis La Moderna M-PU,La Moderna,Prestamos Unidos,Présico,México,México,Mochis La Moderna,PU
MOCHIS-PU-R3,Norte,Pacifico Sur,Mochis,Mochis La Moderna M-PU,La Moderna,Prestamos Unidos,Présico,México,México,Mochis La Moderna,PU
MOCHIS-LL-R3,Norte,Pacifico Sur,Mochis,Mochis Presico LL-P,Presico,La Lupita,Présico,México,México,Mochis Presico,LL
MOCHIS-LL-R4,Norte,Pacifico Sur,Mochis,Mochis Presico LL-P,Presico,La Lupita,Présico,México,México,Mochis Presico,LL
MOCHIS-P-R1,Norte,Pacifico Sur,Mochis,Mochis Presico LL-P,Presico,Presico MX,Présico,México,México,Mochis Presico,P
MOCHIS-P-R3,Norte,Pacifico Sur,Mochis,Mochis Presico LL-P,Presico,Presico MX,Présico,México,México,Mochis Presico,P
MOCHIS-P-R7,Norte,Pacifico Sur,Mochis,Mochis Presico LL-P,Presico,Presico MX,Présico,México,México,Mochis Presico,P
TEPIC-LL-R1,Centro,Centro,Tepic,Tepic La Moderna LL-M,La Moderna,La Lupita,Présico,México,México,Tepic La Moderna,LL
TEPIC-LL-R2,Centro,Centro,Tepic,Tepic La Moderna LL-M,La Moderna,La Lupita,Présico,México,México,Tepic La Moderna,LL
TEPIC-LL-R3,Centro,Centro,Tepic,Tepic La Moderna LL-M,La Moderna,La Lupita,Présico,México,México,Tepic La Moderna,LL
TEPIC-M-R1,Centro,Centro,Tepic,Tepic La Moderna LL-M,La Moderna,La Moderna,Présico,México,México,Tepic La Moderna,M
TEPIC-M-R2,Centro,Centro,Tepic,Tepic La Moderna LL-M,La Moderna,La Moderna,Présico,México,México,Tepic La Moderna,M
TEPIC-M-R3,Centro,Centro,Tepic,Tepic La Moderna LL-M,La Moderna,La Moderna,Présico,México,México,Tepic La Moderna,M
TEPIC-M-R4,Centro,Centro,Tepic,Tepic La Moderna LL-M,La Moderna,La Moderna,Présico,México,México,Tepic La Moderna,M
TEPIC-C-R6,Centro,Centro,Tepic,Tepic Presico C-LG-P,Presico,La Casita,Présico,México,México,Tepic Presico,C
TEPIC-C-R7,Centro,Centro,Tepic,Tepic Presico C-LG-P,Presico,La Casita,Présico,México,México,Tepic Presico,C
TEPIC-C-R8,Centro,Centro,Tepic,Tepic Presico C-LG-P,Presico,La Casita,Présico,México,México,Tepic Presico,C
TEPIC-LG-R1,Centro,Centro,Tepic,Tepic Presico C-LG-P,Presico,La Guerita,Présico,México,México,Tepic Presico,LG
TEPIC-LG-R2,Centro,Centro,Tepic,Tepic Presico C-LG-P,Presico,La Guerita,Présico,México,México,Tepic Presico,LG
TEPIC-P-R1,Centro,Centro,Tepic,Tepic Presico C-LG-P,Presico,Presico MX,Présico,México,México,Tepic Presico,P
TEPIC-P-R2,Centro,Centro,Tepic,Tepic Presico C-LG-P,Presico,Presico MX,Présico,México,México,Tepic Presico,P
TEPIC-P-R4,Centro,Centro,Tepic,Tepic Presico C-LG-P,Presico,Presico MX,Présico,México,México,Tepic Presico,P
TEPIC-P-R6,Centro,Centro,Tepic,Tepic Presico C-LG-P,Presico,Presico MX,Présico,México,México,Tepic Presico,P
ACAYUCAN-P-R2,Sur,Golfo,Coatzacoalcos,Acayucan Presico P-PU,Presico,Presico MX,Présico,México,México,Acayucan Presico,P
ACAYUCAN-PU-R1,Sur,Golfo,Coatzacoalcos,Acayucan Presico P-PU,Presico,Prestamos Unidos,Présico,México,México,Acayucan Presico,PU
ACAYUCAN-PU-R3,Sur,Golfo,Coatzacoalcos,Acayucan Presico P-PU,Presico,Prestamos Unidos,Présico,México,México,Acayucan Presico,PU
COATZACOALCOS-M-R1,Sur,Golfo,Coatzacoalcos,Coatzacoalcos La Moderna,La Moderna,La Moderna,Présico,México,México,Coatzacoalcos La Moderna,M
COATZACOALCOS-M-R2,Sur,Golfo,Coatzacoalcos,Coatzacoalcos La Moderna,La Moderna,La Moderna,Présico,México,México,Coatzacoalcos La Moderna,M
COATZACOALCOS-M-R4,Sur,Golfo,Coatzacoalcos,Coatzacoalcos La Moderna,La Moderna,La Moderna,Présico,México,México,Coatzacoalcos La Moderna,M
COATZACOALCOS-C-R3,Sur,Golfo,Coatzacoalcos,Coatzacoalcos Presico C-LG-P,Presico,La Casita,Présico,México,México,Coatzacoalcos Presico,C
COATZACOALCOS-C-R4,Sur,Golfo,Coatzacoalcos,Coatzacoalcos Presico C-LG-P,Presico,La Casita,Présico,México,México,Coatzacoalcos Presico,C
COATZACOALCOS-LG-R1,Sur,Golfo,Coatzacoalcos,Coatzacoalcos Presico C-LG-P,Presico,La Guerita,Présico,México,México,Coatzacoalcos Presico,LG
COATZACOALCOS-P-R2,Sur,Golfo,Coatzacoalcos,Coatzacoalcos Presico C-LG-P,Presico,Presico MX,Présico,México,México,Coatzacoalcos Presico,P
COATZACOALCOS-P-R5,Sur,Golfo,Coatzacoalcos,Coatzacoalcos Presico C-LG-P,Presico,Presico MX,Présico,México,México,Coatzacoalcos Presico,P
MARTINEZ DE LA TORRE-C-R1,Sur,Golfo,Martinez de la Torre,Martinez De La Torre La Casita,La Casita,La Casita,Présico,México,México,Martinez De La Torre La Casita,C
MARTINEZ DE LA TORRE-C-R2,Sur,Golfo,Martinez de la Torre,Martinez De La Torre La Casita,La Casita,La Casita,Présico,México,México,Martinez De La Torre La Casita,C
MARTINEZ DE LA TORRE-C-R4,Sur,Golfo,Martinez de la Torre,Martinez De La Torre La Casita,La Casita,La Casita,Présico,México,México,Martinez De La Torre La Casita,C
MARTINEZ DE LA TORRE-LG-R1,Sur,Golfo,Martinez de la Torre,Martinez De La Torre La Moderna LG-M,La Moderna,La Guerita,Présico,México,México,Martinez De La Torre La Moderna,LG
MARTINEZ DE LA TORRE-M-R1,Sur,Golfo,Martinez de la Torre,Martinez De La Torre La Moderna LG-M,La Moderna,La Moderna,Présico,México,México,Martinez De La Torre La Moderna,M
MARTINEZ DE LA TORRE-M-R2,Sur,Golfo,Martinez de la Torre,Martinez De La Torre La Moderna LG-M,La Moderna,La Moderna,Présico,México,México,Martinez De La Torre La Moderna,M
MARTINEZ DE LA TORRE-P-R1,Sur,Golfo,Martinez de la Torre,Martinez De La Torre Presico,Presico,Presico MX,Présico,México,México,Martinez De La Torre Presico,P
MARTINEZ DE LA TORRE-P-R2,Sur,Golfo,Martinez de la Torre,Martinez De La Torre Presico,Presico,Presico MX,Présico,México,México,Martinez De La Torre Presico,P
MARTINEZ DE LA TORRE-PU-R1,Sur,Golfo,Martinez de la Torre,Martinez De La Torre PU,Prestamos Unidos,Prestamos Unidos,Présico,México,México,Martinez De La Torre PU,PU
MARTINEZ DE LA TORRE-PU-R2,Sur,Golfo,Martinez de la Torre,Martinez De La Torre PU,Prestamos Unidos,Prestamos Unidos,Présico,México,México,Martinez De La Torre PU,PU
MARTINEZ DE LA TORRE-PU-R3,Sur,Golfo,Martinez de la Torre,Martinez De La Torre PU,Prestamos Unidos,Prestamos Unidos,Présico,México,México,Martinez De La Torre PU,PU
MISANTLA-C-R1,Sur,Golfo,Martinez de la Torre,Misantla La Guerita C-LG,La Guerita,La Casita,Présico,México,México,Misantla La Guerita,C
MISANTLA-LG-R1,Sur,Golfo,Martinez de la Torre,Misantla La Guerita C-LG,La Guerita,La Guerita,Présico,México,México,Misantla La Guerita,LG
MISANTLA-LG-R2,Sur,Golfo,Martinez de la Torre,Misantla La Guerita C-LG,La Guerita,La Guerita,Présico,México,México,Misantla La Guerita,LG
ORIZABA-C-R1,Sur,Golfo,Orizaba,Orizaba La Casita C-P,La Casita,La Casita,Présico,México,México,Orizaba La Casita,C
ORIZABA-C-R2,Sur,Golfo,Orizaba,Orizaba La Casita C-P,La Casita,La Casita,Présico,México,México,Orizaba La Casita,C
ORIZABA-C-R3,Sur,Golfo,Orizaba,Orizaba La Casita C-P,La Casita,La Casita,Présico,México,México,Orizaba La Casita,C
ORIZABA-P-R1,Sur,Golfo,Orizaba,Orizaba La Casita C-P,La Casita,Presico MX,Présico,México,México,Orizaba La Casita,P
ORIZABA-P-R2,Sur,Golfo,Orizaba,Orizaba La Casita C-P,La Casita,Presico MX,Présico,México,México,Orizaba La Casita,P
ORIZABA-P-R3,Sur,Golfo,Orizaba,Orizaba La Casita C-P,La Casita,Presico MX,Présico,México,México,Orizaba La Casita,P
ORIZABA-M-R1,Sur,Golfo,Orizaba,Orizaba La Moderna LG-M,La Casita,La Moderna,Présico,México,México,Orizaba La Moderna,M
ORIZABA-LG-R1,Sur,Golfo,Orizaba,Orizaba La Moderna LG-M,La Moderna,La Guerita,Présico,México,México,Orizaba La Moderna,LG
POZA RICA-C-R1,Sur,Golfo,Poza Rica,Poza Rica La Casita,La Casita,La Casita,Présico,México,México,Poza Rica La Casita,C
POZA RICA-C-R2,Sur,Golfo,Poza Rica,Poza Rica La Casita,La Casita,La Casita,Présico,México,México,Poza Rica La Casita,C
POZA RICA-C-R3,Sur,Golfo,Poza Rica,Poza Rica La Casita,La Casita,La Casita,Présico,México,México,Poza Rica La Casita,C
POZA RICA-C-R4,Sur,Golfo,Poza Rica,Poza Rica La Casita,La Casita,La Casita,Présico,México,México,Poza Rica La Casita,C
POZA RICA-M-R1,Sur,Golfo,Poza Rica,Poza Rica La Moderna LL-M,La Moderna,La Moderna,Présico,México,México,Poza Rica La Moderna,M
POZA RICA-M-R3,Sur,Golfo,Poza Rica,Poza Rica La Moderna LL-M,La Moderna,La Moderna,Présico,México,México,Poza Rica La Moderna,M
POZA RICA-LG-R1,Sur,Golfo,Poza Rica,Poza Rica Presico LG-P,Presico,La Guerita,Présico,México,México,Poza Rica Presico,LG
POZA RICA-P-R1,Sur,Golfo,Poza Rica,Poza Rica Presico LG-P,Presico,Presico MX,Présico,México,México,Poza Rica Presico,P
POZA RICA-P-R2,Sur,Golfo,Poza Rica,Poza Rica Presico LG-P,Presico,Presico MX,Présico,México,México,Poza Rica Presico,P
POZA RICA-P-R4,Sur,Golfo,Poza Rica,Poza Rica Presico LG-P,Presico,Presico MX,Présico,México,México,Poza Rica Presico,P
POZA RICA-PU-R1,Sur,Golfo,Poza Rica,Poza Rica PU,Prestamos Unidos,Prestamos Unidos,Présico,México,México,Poza Rica PU,PU
POZA RICA-PU-R2,Sur,Golfo,Poza Rica,Poza Rica PU,Prestamos Unidos,Prestamos Unidos,Présico,México,México,Poza Rica PU,PU
POZA RICA-PU-R3,Sur,Golfo,Poza Rica,Poza Rica PU,Prestamos Unidos,Prestamos Unidos,Présico,México,México,Poza Rica PU,PU
POZA RICA-LL-R1,Sur,Golfo,Poza Rica,Poza Rica La Moderna LL-M,La Moderna,La Lupita,Présico,México,México,Poza Rica La Moderna,LL
SAN ANDRES-C-R1,Sur,Golfo,San Andres,San Andres La Casita C-PU,La Casita,La Casita,Présico,México,México,San Andres La Casita,C
SAN ANDRES-C-R3,Sur,Golfo,San Andres,San Andres La Casita C-PU,La Casita,La Casita,Présico,México,México,San Andres La Casita,C
SAN ANDRES-PU-R1,Sur,Golfo,San Andres,San Andres La Casita C-PU,La Casita,Prestamos Unidos,Présico,México,México,San Andres La Casita,PU
SAN ANDRES-PU-R3,Sur,Golfo,San Andres,San Andres La Casita C-PU,La Casita,Prestamos Unidos,Présico,México,México,San Andres La Casita,PU
SAN ANDRES-PU-R4,Sur,Golfo,San Andres,San Andres La Casita C-PU,La Casita,Prestamos Unidos,Présico,México,México,San Andres La Casita,PU
SAN ANDRES-LG-R1,Sur,Golfo,San Andres,San Andres La Moderna LG-M,La Moderna,La Guerita,Présico,México,México,San Andres La Moderna,LG
SAN ANDRES-M-R1,Sur,Golfo,San Andres,San Andres La Moderna LG-M,La Moderna,La Moderna,Présico,México,México,San Andres La Moderna,M
SAN ANDRES-M-R2,Sur,Golfo,San Andres,San Andres La Moderna LG-M,La Moderna,La Moderna,Présico,México,México,San Andres La Moderna,M
SAN ANDRES-P-R1,Sur,Golfo,San Andres,San Andres Presico,Presico,Presico MX,Présico,México,México,San Andres Presico,P
SAN ANDRES-P-R3,Sur,Golfo,San Andres,San Andres Presico,Presico,Presico MX,Présico,México,México,San Andres Presico,P
SAN ANDRES-P-R4,Sur,Golfo,San Andres,San Andres Presico,Presico,Presico MX,Présico,México,México,San Andres Presico,P
TUXTEPEC-C-R1,Sur,Golfo,San Andres,Tuxtepec Presico C-LG-P,Presico,La Casita,Présico,México,México,Tuxtepec Presico,C
TUXTEPEC-LG-R1,Sur,Golfo,San Andres,Tuxtepec Presico C-LG-P,Presico,La Guerita,Présico,México,México,Tuxtepec Presico,LG
TUXTEPEC-P-R1,Sur,Golfo,San Andres,Tuxtepec Presico C-LG-P,Presico,Presico MX,Présico,México,México,Tuxtepec Presico,P
VERACRUZ-C-R1,Sur,Golfo,Veracruz,Veracruz La Casita C-PU,La Casita,La Casita,Présico,México,México,Veracruz La Casita,C
VERACRUZ-C-R2,Sur,Golfo,Veracruz,Veracruz La Casita C-PU,La Casita,La Casita,Présico,México,México,Veracruz La Casita,C
VERACRUZ-C-R3,Sur,Golfo,Veracruz,Veracruz La Casita C-PU,La Casita,La Casita,Présico,México,México,Veracruz La Casita,C
VERACRUZ-PU-R1,Sur,Golfo,Veracruz,Veracruz La Casita C-PU,La Casita,Prestamos Unidos,Présico,México,México,Veracruz La Casita,PU
VERACRUZ-PU-R2,Sur,Golfo,Veracruz,Veracruz La Casita C-PU,La Casita,Prestamos Unidos,Présico,México,México,Veracruz La Casita,PU
VERACRUZ-LL-R1,Sur,Golfo,Veracruz,Veracruz La Lupita,La Lupita,La Lupita,Présico,México,México,Veracruz La Lupita,LL
VERACRUZ-LL-R2,Sur,Golfo,Veracruz,Veracruz La Lupita,La Lupita,La Lupita,Présico,México,México,Veracruz La Lupita,LL
VERACRUZ-LL-R3,Sur,Golfo,Veracruz,Veracruz La Lupita,La Lupita,La Lupita,Présico,México,México,Veracruz La Lupita,LL
VERACRUZ-LL-R4,Sur,Golfo,Veracruz,Veracruz La Lupita,La Lupita,La Lupita,Présico,México,México,Veracruz La Lupita,LL
VERACRUZ-LG-R1,Sur,Golfo,Veracruz,Veracruz La Moderna LG-M,La Moderna,La Guerita,Présico,México,México,Veracruz La Moderna,LG
VERACRUZ-LG-R2,Sur,Golfo,Veracruz,Veracruz La Moderna LG-M,La Moderna,La Guerita,Présico,México,México,Veracruz La Moderna,LG
VERACRUZ-LG-R3,Sur,Golfo,Veracruz,Veracruz La Moderna LG-M,La Moderna,La Guerita,Présico,México,México,Veracruz La Moderna,LG
VERACRUZ-M-R1,Sur,Golfo,Veracruz,Veracruz La Moderna LG-M,La Moderna,La Moderna,Présico,México,México,Veracruz La Moderna,M
VERACRUZ-M-R2,Sur,Golfo,Veracruz,Veracruz La Moderna LG-M,La Moderna,La Moderna,Présico,México,México,Veracruz La Moderna,M
VERACRUZ-PC-R1,Sur,Golfo,Veracruz,Veracruz Presico P-PC,Ciudades Presico,Presico CD,Présico,México,México,Veracruz Presico,PC
VERACRUZ-PC-R2,Sur,Golfo,Veracruz,Veracruz Presico P-PC,Ciudades Presico,Presico CD,Présico,México,México,Veracruz Presico,PC
VERACRUZ-P-R1,Sur,Golfo,Veracruz,Veracruz Presico P-PC,Presico,Presico MX,Présico,México,México,Veracruz Presico,P
VERACRUZ-P-R2,Sur,Golfo,Veracruz,Veracruz Presico P-PC,Presico,Presico MX,Présico,México,México,Veracruz Presico,P
VERACRUZ-P-R3,Sur,Golfo,Veracruz,Veracruz Presico P-PC,Presico,Presico MX,Présico,México,México,Veracruz Presico,P
VERACRUZ-P-R4,Sur,Golfo,Veracruz,Veracruz Presico P-PC,Presico,Presico MX,Présico,México,México,Veracruz Presico,P
TEZIUTLAN-C-R1,Sur,Golfo,Xalapa,Teziutlan Presico C-P,Presico,La Casita,Présico,México,México,Teziutlan Presico,C
TEZIUTLAN-P-R1,Sur,Golfo,Xalapa,Teziutlan Presico C-P,Presico,Presico MX,Présico,México,México,Teziutlan Presico,P
TEZIUTLAN-P-R2,Sur,Golfo,Xalapa,Teziutlan Presico C-P,Presico,Presico MX,Présico,México,México,Teziutlan Presico,P
XALAPA-C-R1,Sur,Golfo,Xalapa,Xalapa La Casita,La Casita,La Casita,Présico,México,México,Xalapa La Casita,C
XALAPA-C-R2,Sur,Golfo,Xalapa,Xalapa La Casita,La Casita,La Casita,Présico,México,México,Xalapa La Casita,C
XALAPA-C-R3,Sur,Golfo,Xalapa,Xalapa La Casita,La Casita,La Casita,Présico,México,México,Xalapa La Casita,C
XALAPA-C-R4,Sur,Golfo,Xalapa,Xalapa La Casita,La Casita,La Casita,Présico,México,México,Xalapa La Casita,C
XALAPA-C-R5,Sur,Golfo,Xalapa,Xalapa La Casita,La Casita,La Casita,Présico,México,México,Xalapa La Casita,C
XALAPA-LG-R1,Sur,Golfo,Xalapa,Xalapa La Moderna LG-LL-M,La Moderna,La Guerita,Présico,México,México,Xalapa La Moderna,LG
XALAPA-LG-R2,Sur,Golfo,Xalapa,Xalapa La Moderna LG-LL-M,La Moderna,La Guerita,Présico,México,México,Xalapa La Moderna,LG
XALAPA-LL-R2,Sur,Golfo,Xalapa,Xalapa La Moderna LG-LL-M,La Moderna,La Lupita,Présico,México,México,Xalapa La Moderna,LL
XALAPA-M-R1,Sur,Golfo,Xalapa,Xalapa La Moderna LG-LL-M,La Moderna,La Moderna,Présico,México,México,Xalapa La Moderna,M
XALAPA-M-R2,Sur,Golfo,Xalapa,Xalapa La Moderna LG-LL-M,La Moderna,La Moderna,Présico,México,México,Xalapa La Moderna,M
XALAPA-M-R3,Sur,Golfo,Xalapa,Xalapa La Moderna LG-LL-M,La Moderna,La Moderna,Présico,México,México,Xalapa La Moderna,M
XALAPA-M-R4,Sur,Golfo,Xalapa,Xalapa La Moderna LG-LL-M,La Moderna,La Moderna,Présico,México,México,Xalapa La Moderna,M
XALAPA-PC-R1,Sur,Golfo,Xalapa,Xalapa Presico P-PC,Ciudades Presico,Presico CD,Présico,México,México,Xalapa Presico,PC
XALAPA-P-R1,Sur,Golfo,Xalapa,Xalapa Presico P-PC,Presico,Presico MX,Présico,México,México,Xalapa Presico,P
XALAPA-P-R2,Sur,Golfo,Xalapa,Xalapa Presico P-PC,Presico,Presico MX,Présico,México,México,Xalapa Presico,P
XALAPA-P-R3,Sur,Golfo,Xalapa,Xalapa Presico P-PC,Presico,Presico MX,Présico,México,México,Xalapa Presico,P
XALAPA-P-R4,Sur,Golfo,Xalapa,Xalapa Presico P-PC,Presico,Presico MX,Présico,México,México,Xalapa Presico,P
XALAPA-P-R5,Sur,Golfo,Xalapa,Xalapa Presico P-PC,Presico,Presico MX,Présico,México,México,Xalapa Presico,P
XALAPA-P-R6,Sur,Golfo,Xalapa,Xalapa Presico P-PC,Presico,Presico MX,Présico,México,México,Xalapa Presico,P
XALAPA-PU-R1,Sur,Golfo,Xalapa,Xalapa PU,Prestamos Unidos,Prestamos Unidos,Présico,México,México,Xalapa PU,PU
XALAPA-PU-R2,Sur,Golfo,Xalapa,Xalapa PU,Prestamos Unidos,Prestamos Unidos,Présico,México,México,Xalapa PU,PU
XALAPA-PU-R3,Sur,Golfo,Xalapa,Xalapa PU,Prestamos Unidos,Prestamos Unidos,Présico,México,México,Xalapa PU,PU
CAMPECHE-C-R2,Sur,Peninsula,Campeche,Campeche La Casita C-LL,La Casita,La Casita,Présico,México,México,Campeche La Casita,C
CAMPECHE-C-R4,Sur,Peninsula,Campeche,Campeche La Casita C-LL,La Casita,La Casita,Présico,México,México,Campeche La Casita,C
CAMPECHE-LL-R4,Sur,Peninsula,Campeche,Campeche La Casita C-LL,La Casita,La Lupita,Présico,México,México,Campeche La Casita,LL
CAMPECHE-M-R1,Sur,Peninsula,Campeche,Campeche La Moderna M-PU,La Moderna,La Moderna,Présico,México,México,Campeche La Moderna,M
CAMPECHE-M-R2,Sur,Peninsula,Campeche,Campeche La Moderna M-PU,La Moderna,La Moderna,Présico,México,México,Campeche La Moderna,M
CAMPECHE-M-R3,Sur,Peninsula,Campeche,Campeche La Moderna M-PU,La Moderna,La Moderna,Présico,México,México,Campeche La Moderna,M
CAMPECHE-M-R4,Sur,Peninsula,Campeche,Campeche La Moderna M-PU,La Moderna,La Moderna,Présico,México,México,Campeche La Moderna,M
CAMPECHE-PU-R1,Sur,Peninsula,Campeche,Campeche La Moderna M-PU,La Moderna,Prestamos Unidos,Présico,México,México,Campeche La Moderna,PU
CAMPECHE-PU-R2,Sur,Peninsula,Campeche,Campeche La Moderna M-PU,La Moderna,Prestamos Unidos,Présico,México,México,Campeche La Moderna,PU
CAMPECHE-P-R1,Sur,Peninsula,Campeche,Campeche Presico,Presico,Presico MX,Présico,México,México,Campeche Presico,P
CAMPECHE-P-R2,Sur,Peninsula,Campeche,Campeche Presico,Presico,Presico MX,Présico,México,México,Campeche Presico,P
CAMPECHE-P-R5,Sur,Peninsula,Campeche,Campeche Presico,Presico,Presico MX,Présico,México,México,Campeche Presico,P
CARRILLO PUERTO-C-R1,Sur,Peninsula,Chetumal,Carrillo Puerto Presico C-LL-P,Presico,La Casita,Présico,México,México,Carrillo Puerto Presico,C
CARRILLO PUERTO-C-R2,Sur,Peninsula,Chetumal,Carrillo Puerto Presico C-LL-P,Presico,La Casita,Présico,México,México,Carrillo Puerto Presico,C
CARRILLO PUERTO-LL-R1,Sur,Peninsula,Chetumal,Carrillo Puerto Presico C-LL-P,Presico,La Lupita,Présico,México,México,Carrillo Puerto Presico,LL
CARRILLO PUERTO-P-R1,Sur,Peninsula,Chetumal,Carrillo Puerto Presico C-LL-P,Presico,Presico MX,Présico,México,México,Carrillo Puerto Presico,P
CARRILLO PUERTO-P-R2,Sur,Peninsula,Chetumal,Carrillo Puerto Presico C-LL-P,Presico,Presico MX,Présico,México,México,Carrillo Puerto Presico,P
CHETUMAL-C-R1,Sur,Peninsula,Chetumal,Chetumal La Casita C-M,La Casita,La Casita,Présico,México,México,Chetumal La Casita,C
CHETUMAL-C-R2,Sur,Peninsula,Chetumal,Chetumal La Casita C-M,La Casita,La Casita,Présico,México,México,Chetumal La Casita,C
CHETUMAL-M-R1,Sur,Peninsula,Chetumal,Chetumal La Casita C-M,La Casita,La Moderna,Présico,México,México,Chetumal La Casita,M
CHETUMAL-M-R2,Sur,Peninsula,Chetumal,Chetumal La Casita C-M,La Casita,La Moderna,Présico,México,México,Chetumal La Casita,M
CHETUMAL-LL-R1,Sur,Peninsula,Chetumal,Chetumal Presico LL-P,Presico,La Lupita,Présico,México,México,Chetumal Presico,LL
CHETUMAL-P-R1,Sur,Peninsula,Chetumal,Chetumal Presico LL-P,Presico,Presico MX,Présico,México,México,Chetumal Presico,P
CHETUMAL-P-R2,Sur,Peninsula,Chetumal,Chetumal Presico LL-P,Presico,Presico MX,Présico,México,México,Chetumal Presico,P
CANDELARIA-LL-R1,Sur,Peninsula,Escarcega,Candelaria Presico LL-P,Presico,La Lupita,Présico,México,México,Candelaria Presico,LL
CANDELARIA-LL-R2,Sur,Peninsula,Escarcega,Candelaria Presico LL-P,Presico,La Lupita,Présico,México,México,Candelaria Presico,LL
CANDELARIA-P-R1,Sur,Peninsula,Escarcega,Candelaria Presico LL-P,Presico,Presico MX,Présico,México,México,Candelaria Presico,P
CANDELARIA-P-R2,Sur,Peninsula,Escarcega,Candelaria Presico LL-P,Presico,Presico MX,Présico,México,México,Candelaria Presico,P
CIUDAD DEL CARMEN-LL-R1,Sur,Peninsula,Escarcega,Cd del Carmen Presico LL-P,Presico,La Lupita,Présico,México,México,Cd del Carmen Presico,LL
CIUDAD DEL CARMEN-LL-R2,Sur,Peninsula,Escarcega,Cd del Carmen Presico LL-P,Presico,La Lupita,Présico,México,México,Cd del Carmen Presico,LL
CIUDAD DEL CARMEN-P-R1,Sur,Peninsula,Escarcega,Cd del Carmen Presico LL-P,Presico,Presico MX,Présico,México,México,Cd del Carmen Presico,P
ESCARCEGA-C-R1,Sur,Peninsula,Escarcega,Escarcega La Casita C-LL,La Casita,La Casita,Présico,México,México,Escarcega La Casita,C
ESCARCEGA-C-R2,Sur,Peninsula,Escarcega,Escarcega La Casita C-LL,La Casita,La Casita,Présico,México,México,Escarcega La Casita,C
ESCARCEGA-C-R3,Sur,Peninsula,Escarcega,Escarcega La Casita C-LL,La Casita,La Casita,Présico,México,México,Escarcega La Casita,C
ESCARCEGA-LL-R1,Sur,Peninsula,Escarcega,Escarcega La Casita C-LL,La Casita,La Lupita,Présico,México,México,Escarcega La Casita,LL
ESCARCEGA-M-R1,Sur,Peninsula,Escarcega,Escarcega La Moderna,La Moderna,La Moderna,Présico,México,México,Escarcega La Moderna,M
ESCARCEGA-M-R2,Sur,Peninsula,Escarcega,Escarcega La Moderna,La Moderna,La Moderna,Présico,México,México,Escarcega La Moderna,M
ESCARCEGA-M-R3,Sur,Peninsula,Escarcega,Escarcega La Moderna,La Moderna,La Moderna,Présico,México,México,Escarcega La Moderna,M
ESCARCEGA-P-R1,Sur,Peninsula,Escarcega,Escarcega Presico,Presico,Presico MX,Présico,México,México,Escarcega Presico,P
ESCARCEGA-P-R2,Sur,Peninsula,Escarcega,Escarcega Presico,Presico,Presico MX,Présico,México,México,Escarcega Presico,P
ESCARCEGA-P-R3,Sur,Peninsula,Escarcega,Escarcega Presico,Presico,Presico MX,Présico,México,México,Escarcega Presico,P
MERIDA-C-R1,Sur,Peninsula,Merida,Merida La Casita C-LL-M,La Casita,La Casita,Présico,México,México,Merida La Casita,C
MERIDA-C-R4,Sur,Peninsula,Merida,Merida La Casita C-LL-M,La Casita,La Casita,Présico,México,México,Merida La Casita,C
MERIDA-LL-R1,Sur,Peninsula,Merida,Merida La Casita C-LL-M,La Casita,La Lupita,Présico,México,México,Merida La Casita,LL
MERIDA-M-R2,Sur,Peninsula,Merida,Merida La Casita C-LL-M,La Casita,La Moderna,Présico,México,México,Merida La Casita,M
MERIDA-P-R3,Sur,Peninsula,Merida,Merida Presico P-PU,Presico,Presico MX,Présico,México,México,Merida Presico,P
MERIDA-P-R4,Sur,Peninsula,Merida,Merida Presico P-PU,Presico,Presico MX,Présico,México,México,Merida Presico,P
MERIDA-PU-R1,Sur,Peninsula,Merida,Merida Presico P-PU,Presico,Prestamos Unidos,Présico,México,México,Merida Presico,PU
MERIDA-PU-R2,Sur,Peninsula,Merida,Merida Presico P-PU,Presico,Prestamos Unidos,Présico,México,México,Merida Presico,PU
MOTUL-M-R1,Sur,Peninsula,Merida,Motul PU M-PU,Prestamos Unidos,La Moderna,Présico,México,México,Motul PU,M
MOTUL-PU-R1,Sur,Peninsula,Merida,Motul PU M-PU,Prestamos Unidos,Prestamos Unidos,Présico,México,México,Motul PU,PU
MOTUL-PU-R2,Sur,Peninsula,Merida,Motul PU M-PU,Prestamos Unidos,Prestamos Unidos,Présico,México,México,Motul PU,PU
MOTUL-PU-R3,Sur,Peninsula,Merida,Motul PU M-PU,Prestamos Unidos,Prestamos Unidos,Présico,México,México,Motul PU,PU
TICUL-C-R6,Sur,Peninsula,Merida,Ticul La Casita C-M-P-PU,La Casita,La Casita,Présico,México,México,Ticul La Casita,C
TICUL-P-R5,Sur,Peninsula,Merida,Ticul La Casita C-M-P-PU,La Casita,Presico MX,Présico,México,México,Ticul La Casita,P
TICUL-PU-R1,Sur,Peninsula,Merida,Ticul La Casita C-M-P-PU,Prestamos Unidos,Prestamos Unidos,Présico,México,México,Ticul La Casita,PU
CANCUN-LL-R1,Sur,Peninsula,Valladolid,Cancun Presico LL-P,Presico,La Lupita,Présico,México,México,Cancun Presico,LL
CANCUN-LL-R2,Sur,Peninsula,Valladolid,Cancun Presico LL-P,Presico,La Lupita,Présico,México,México,Cancun Presico,LL
CANCUN-P-R1,Sur,Peninsula,Valladolid,Cancun Presico LL-P,Presico,Presico MX,Présico,México,México,Cancun Presico,P
TIZIMIN-P-R1,Sur,Peninsula,Valladolid,Tizimin Presico,Presico,Presico MX,Présico,México,México,Tizimin Presico,P
TIZIMIN-P-R2,Sur,Peninsula,Valladolid,Tizimin Presico,Presico,Presico MX,Présico,México,México,Tizimin Presico,P
TIZIMIN-P-R3,Sur,Peninsula,Valladolid,Tizimin Presico,Presico,Presico MX,Présico,México,México,Tizimin Presico,P
VALLADOLID-C-R1,Sur,Peninsula,Valladolid,Valladolid La Casita C-LL,La Casita,La Casita,Présico,México,México,Valladolid La Casita,C
VALLADOLID-C-R2,Sur,Peninsula,Valladolid,Valladolid La Casita C-LL,La Casita,La Casita,Présico,México,México,Valladolid La Casita,C
VALLADOLID-C-R3,Sur,Peninsula,Valladolid,Valladolid La Casita C-LL,La Casita,La Casita,Présico,México,México,Valladolid La Casita,C
VALLADOLID-LL-R1,Sur,Peninsula,Valladolid,Valladolid La Casita C-LL,La Casita,La Lupita,Présico,México,México,Valladolid La Casita,LL
VALLADOLID-LL-R2,Sur,Peninsula,Valladolid,Valladolid La Casita C-LL,La Casita,La Lupita,Présico,México,México,Valladolid La Casita,LL
VALLADOLID-M-R1,Sur,Peninsula,Valladolid,Valladolid La Moderna,La Moderna,La Moderna,Présico,México,México,Valladolid La Moderna,M
VALLADOLID-M-R2,Sur,Peninsula,Valladolid,Valladolid La Moderna,La Moderna,La Moderna,Présico,México,México,Valladolid La Moderna,M
VALLADOLID-M-R3,Sur,Peninsula,Valladolid,Valladolid La Moderna,La Moderna,La Moderna,Présico,México,México,Valladolid La Moderna,M
VALLADOLID-P-R1,Sur,Peninsula,Valladolid,Valladolid Presico,Presico,Presico MX,Présico,México,México,Valladolid Presico,P
VALLADOLID-P-R2,Sur,Peninsula,Valladolid,Valladolid Presico,Presico,Presico MX,Présico,México,México,Valladolid Presico,P
VALLADOLID-P-R3,Sur,Peninsula,Valladolid,Valladolid Presico,Presico,Presico MX,Présico,México,México,Valladolid Presico,P
COMITAN-LG-R1,Sur,Sur,Comitan,Comitan La Moderna LG-M,La Moderna,La Guerita,Présico,México,México,Comitan La Moderna,LG
COMITAN-LG-R2,Sur,Sur,Comitan,Comitan La Moderna LG-M,La Moderna,La Guerita,Présico,México,México,Comitan La Moderna,LG
COMITAN-M-R1,Sur,Sur,Comitan,Comitan La Moderna LG-M,La Moderna,La Moderna,Présico,México,México,Comitan La Moderna,M
COMITAN-M-R2,Sur,Sur,Comitan,Comitan La Moderna LG-M,La Moderna,La Moderna,Présico,México,México,Comitan La Moderna,M
COMITAN-M-R3,Sur,Sur,Comitan,Comitan La Moderna LG-M,La Moderna,La Moderna,Présico,México,México,Comitan La Moderna,M
COMITAN-C-R1,Sur,Sur,Comitan,Comitan Presico C-P-PU,Presico,La Casita,Présico,México,México,Comitan Presico,C
COMITAN-C-R2,Sur,Sur,Comitan,Comitan Presico C-P-PU,Presico,La Casita,Présico,México,México,Comitan Presico,C
COMITAN-P-R2,Sur,Sur,Comitan,Comitan Presico C-P-PU,Presico,Presico MX,Présico,México,México,Comitan Presico,P
COMITAN-PU-R1,Sur,Sur,Comitan,Comitan Presico C-P-PU,Presico,Prestamos Unidos,Présico,México,México,Comitan Presico,PU
OCOSINGO-P-R1,Sur,Sur,San Cristobal,Ocosingo Presico,Presico,Presico MX,Présico,México,México,Ocosingo Presico,P
OCOSINGO-P-R2,Sur,Sur,San Cristobal,Ocosingo Presico,Presico,Presico MX,Présico,México,México,Ocosingo Presico,P
SAN CRISTOBAL DLC-LL-R1,Sur,Sur,San Cristobal,San Cristobal De Las Casas La Moderna LL-M,La Moderna,La Lupita,Présico,México,México,San Cristobal De Las Casas La Moderna,LL
SAN CRISTOBAL DLC-M-R1,Sur,Sur,San Cristobal,San Cristobal De Las Casas La Moderna LL-M,La Moderna,La Moderna,Présico,México,México,San Cristobal De Las Casas La Moderna,M
SAN CRISTOBAL DLC-C-R1,Sur,Sur,San Cristobal,San Cristobal De Las Casas Presico C-P,Presico,La Casita,Présico,México,México,San Cristobal De Las Casas Presico,C
SAN CRISTOBAL DLC-C-R2,Sur,Sur,San Cristobal,San Cristobal De Las Casas Presico C-P,Presico,La Casita,Présico,México,México,San Cristobal De Las Casas Presico,C
SAN CRISTOBAL DLC-P-R3,Sur,Sur,San Cristobal,San Cristobal De Las Casas Presico C-P,Presico,Presico MX,Présico,México,México,San Cristobal De Las Casas Presico,P
SAN CRISTOBAL DLC-P-R4,Sur,Sur,San Cristobal,San Cristobal De Las Casas Presico C-P,Presico,Presico MX,Présico,México,México,San Cristobal De Las Casas Presico,P
ACATLAN-LL-R1,Sur,Sur,Huajuapan,Huajuapan Presico C-LL-M-P,Presico,La Lupita,Présico,México,México,Huajuapan Presico,LL
HUAJUAPAN-C-R1,Sur,Sur,Huajuapan,Huajuapan Presico C-LL-M-P,Presico,La Casita,Présico,México,México,Huajuapan Presico,C
HUAJUAPAN-M-R1,Sur,Sur,Huajuapan,Huajuapan Presico C-LL-M-P,Presico,La Moderna,Présico,México,México,Huajuapan Presico,M
HUAJUAPAN-P-R1,Sur,Sur,Huajuapan,Huajuapan Presico C-LL-M-P,Presico,Presico MX,Présico,México,México,Huajuapan Presico,P
TEHUACAN-M-R3,Sur,Sur,Huajuapan,Tehuacan La Moderna,La Moderna,La Moderna,Présico,México,México,Tehuacan La Moderna,M
TEHUACAN-M-R4,Sur,Sur,Huajuapan,Tehuacan La Moderna,La Moderna,La Moderna,Présico,México,México,Tehuacan La Moderna,M
TEHUACAN-LG-R1,Sur,Sur,Huajuapan,Tehuacan Presico LG-P,Presico,La Guerita,Présico,México,México,Tehuacan Presico,LG
TEHUACAN-P-R1,Sur,Sur,Huajuapan,Tehuacan Presico LG-P,Presico,Presico MX,Présico,México,México,Tehuacan Presico,P
TEHUACAN-P-R2,Sur,Sur,Huajuapan,Tehuacan Presico LG-P,Presico,Presico MX,Présico,México,México,Tehuacan Presico,P
TEHUACAN-PU-R1,Sur,Sur,Huajuapan,Tehuacan PU,Prestamos Unidos,Prestamos Unidos,Présico,México,México,Tehuacan PU,PU
TEHUACAN-PU-R4,Sur,Sur,Huajuapan,Tehuacan PU,Prestamos Unidos,Prestamos Unidos,Présico,México,México,Tehuacan PU,PU
NOCHIXTLAN-LL-R1,Sur,Sur,Oaxaca,Nochixtlan La Moderna LL-M,La Moderna,La Lupita,Présico,México,México,Nochixtlan La Moderna,LL
NOCHIXTLAN-M-R2,Sur,Sur,Oaxaca,Nochixtlan La Moderna LL-M,La Moderna,La Moderna,Présico,México,México,Nochixtlan La Moderna,M
OAXACA-C-R3,Sur,Sur,Oaxaca,Oaxaca La Moderna C-M,La Moderna,La Casita,Présico,México,México,Oaxaca La Moderna,C
OAXACA-C-R4,Sur,Sur,Oaxaca,Oaxaca La Moderna C-M,La Moderna,La Casita,Présico,México,México,Oaxaca La Moderna,C
OAXACA-M-R2,Sur,Sur,Oaxaca,Oaxaca La Moderna C-M,La Moderna,La Moderna,Présico,México,México,Oaxaca La Moderna,M
OAXACA-M-R3,Sur,Sur,Oaxaca,Oaxaca La Moderna C-M,La Moderna,La Moderna,Présico,México,México,Oaxaca La Moderna,M
MIAHUATLAN-M-R1,Sur,Sur,Oaxaca,Oaxaca Presico LL-M-P,Presico,La Moderna,Présico,México,México,Oaxaca Presico,M
OAXACA-LL-R1,Sur,Sur,Oaxaca,Oaxaca Presico LL-M-P,Presico,La Lupita,Présico,México,México,Oaxaca Presico,LL
OAXACA-P-R1,Sur,Sur,Oaxaca,Oaxaca Presico LL-M-P,Presico,Presico MX,Présico,México,México,Oaxaca Presico,P
OAXACA-P-R3,Sur,Sur,Oaxaca,Oaxaca Presico LL-M-P,Presico,Presico MX,Présico,México,México,Oaxaca Presico,P
TLAXIACO-M-R1,Sur,Sur,Oaxaca,Tlaxiaco La Moderna,La Moderna,La Moderna,Présico,México,México,Tlaxiaco La Moderna,M
MATIAS ROMERO-C-R1,Sur,Sur,Salina Cruz,Matias Romero Presico C-LL-P,Presico,La Casita,Présico,México,México,Matias Romero Presico,C
MATIAS ROMERO-LL-R1,Sur,Sur,Salina Cruz,Matias Romero Presico C-LL-P,Presico,La Lupita,Présico,México,México,Matias Romero Presico,LL
MATIAS ROMERO-P-R1,Sur,Sur,Salina Cruz,Matias Romero Presico C-LL-P,Presico,Presico MX,Présico,México,México,Matias Romero Presico,P
MATIAS ROMERO-P-R2,Sur,Sur,Salina Cruz,Matias Romero Presico C-LL-P,Presico,Presico MX,Présico,México,México,Matias Romero Presico,P
SALINA CRUZ-C-R2,Sur,Sur,Salina Cruz,Salina Cruz La Casita C-LL,La Casita,La Casita,Présico,México,México,Salina Cruz La Casita,C
SALINA CRUZ-C-R4,Sur,Sur,Salina Cruz,Salina Cruz La Casita C-LL,La Casita,La Casita,Présico,México,México,Salina Cruz La Casita,C
SALINA CRUZ-LL-R1,Sur,Sur,Salina Cruz,Salina Cruz La Casita C-LL,La Casita,La Lupita,Présico,México,México,Salina Cruz La Casita,LL
SALINA CRUZ-LL-R2,Sur,Sur,Salina Cruz,Salina Cruz La Casita C-LL,La Casita,La Lupita,Présico,México,México,Salina Cruz La Casita,LL
SALINA CRUZ-LG-R1,Sur,Sur,Salina Cruz,Salina Cruz La Moderna LG-M,La Moderna,La Guerita,Présico,México,México,Salina Cruz La Moderna,LG
SALINA CRUZ-M-R2,Sur,Sur,Salina Cruz,Salina Cruz La Moderna LG-M,La Moderna,La Moderna,Présico,México,México,Salina Cruz La Moderna,M
SALINA CRUZ-M-R3,Sur,Sur,Salina Cruz,Salina Cruz La Moderna LG-M,La Moderna,La Moderna,Présico,México,México,Salina Cruz La Moderna,M
SALINA CRUZ-M-R4,Sur,Sur,Salina Cruz,Salina Cruz La Moderna LG-M,La Moderna,La Moderna,Présico,México,México,Salina Cruz La Moderna,M
SALINA CRUZ-P-R1,Sur,Sur,Salina Cruz,Salina Cruz Presico,Presico,Presico MX,Présico,México,México,Salina Cruz Presico,P
SALINA CRUZ-P-R2,Sur,Sur,Salina Cruz,Salina Cruz Presico,Presico,Presico MX,Présico,México,México,Salina Cruz Presico,P
SALINA CRUZ-P-R3,Sur,Sur,Salina Cruz,Salina Cruz Presico,Presico,Presico MX,Présico,México,México,Salina Cruz Presico,P
TAPACHULA-C-R1,Sur,Sur,Tapachula,Tapachula La Casita C-LL,La Casita,La Casita,Présico,México,México,Tapachula La Casita,C
TAPACHULA-C-R2,Sur,Sur,Tapachula,Tapachula La Casita C-LL,La Casita,La Casita,Présico,México,México,Tapachula La Casita,C
TAPACHULA-LL-R1,Sur,Sur,Tapachula,Tapachula La Casita C-LL,La Casita,La Lupita,Présico,México,México,Tapachula La Casita,LL
TAPACHULA-LL-R2,Sur,Sur,Tapachula,Tapachula La Casita C-LL,La Casita,La Lupita,Présico,México,México,Tapachula La Casita,LL
TAPACHULA-M-R1,Sur,Sur,Tapachula,Tapachula La Moderna,La Moderna,La Moderna,Présico,México,México,Tapachula La Moderna,M
TAPACHULA-M-R2,Sur,Sur,Tapachula,Tapachula La Moderna,La Moderna,La Moderna,Présico,México,México,Tapachula La Moderna,M
TAPACHULA-M-R4,Sur,Sur,Tapachula,Tapachula La Moderna,La Moderna,La Moderna,Présico,México,México,Tapachula La Moderna,M
TAPACHULA-P-R3,Sur,Sur,Tapachula,Tapachula Presico P-PU,Presico,Presico MX,Présico,México,México,Tapachula Presico,P
TAPACHULA-P-R5,Sur,Sur,Tapachula,Tapachula Presico P-PU,Presico,Presico MX,Présico,México,México,Tapachula Presico,P
TAPACHULA-P-R6,Sur,Sur,Tapachula,Tapachula Presico P-PU,Presico,Presico MX,Présico,México,México,Tapachula Presico,P
TAPACHULA-PU-R1,Sur,Sur,Tapachula,Tapachula Presico P-PU,Presico,Prestamos Unidos,Présico,México,México,Tapachula Presico,PU
CINTALAPA-LG-R1,Sur,Sur,Tonala,Cintalapa Presico LG-P-PU,Presico,La Guerita,Présico,México,México,Cintalapa Presico,LG
CINTALAPA-P-R1,Sur,Sur,Tonala,Cintalapa Presico LG-P-PU,Presico,Presico MX,Présico,México,México,Cintalapa Presico,P
CINTALAPA-PU-R1,Sur,Sur,Tonala,Cintalapa Presico LG-P-PU,Presico,Prestamos Unidos,Présico,México,México,Cintalapa Presico,PU
TONALA-C-R1,Sur,Sur,Tonala,Tonala La Moderna C-M-PU,La Moderna,La Casita,Présico,México,México,Tonala La Moderna,C
TONALA-M-R2,Sur,Sur,Tonala,Tonala La Moderna C-M-PU,La Moderna,La Moderna,Présico,México,México,Tonala La Moderna,M
TONALA-M-R3,Sur,Sur,Tonala,Tonala La Moderna C-M-PU,La Moderna,La Moderna,Présico,México,México,Tonala La Moderna,M
TONALA-PU-R1,Sur,Sur,Tonala,Tonala La Moderna C-M-PU,La Moderna,Prestamos Unidos,Présico,México,México,Tonala La Moderna,PU
TONALA-LL-R1,Sur,Sur,Tonala,Tonala Presico LL-P,Presico,La Lupita,Présico,México,México,Tonala Presico,LL
TONALA-LL-R2,Sur,Sur,Tonala,Tonala Presico LL-P,Presico,La Lupita,Présico,México,México,Tonala Presico,LL
TONALA-P-R2,Sur,Sur,Tonala,Tonala Presico LL-P,Presico,Presico MX,Présico,México,México,Tonala Presico,P
TONALA-P-R5,Sur,Sur,Tonala,Tonala Presico LL-P,Presico,Presico MX,Présico,México,México,Tonala Presico,P
VILLAFLORES-M-R1,Sur,Sur,Tonala,Villaflores Presico M-P-PU,Presico,La Moderna,Présico,México,México,Villaflores Presico,M
VILLAFLORES-M-R2,Sur,Sur,Tonala,Villaflores Presico M-P-PU,Presico,La Moderna,Présico,México,México,Villaflores Presico,M
VILLAFLORES-P-R1,Sur,Sur,Tonala,Villaflores Presico M-P-PU,Presico,Presico MX,Présico,México,México,Villaflores Presico,P
VILLAFLORES-P-R2,Sur,Sur,Tonala,Villaflores Presico M-P-PU,Presico,Presico MX,Présico,México,México,Villaflores Presico,P
VILLAFLORES-PU-R1,Sur,Sur,Tonala,Villaflores Presico M-P-PU,Presico,Prestamos Unidos,Présico,México,México,Villaflores Presico,PU
TUXTLA-C-R1,Sur,Sur,Tuxtla,Tuxtla La Casita C-LL,La Casita,La Casita,Présico,México,México,Tuxtla La Casita,C
TUXTLA-C-R2,Sur,Sur,Tuxtla,Tuxtla La Casita C-LL,La Casita,La Casita,Présico,México,México,Tuxtla La Casita,C
TUXTLA-C-R3,Sur,Sur,Tuxtla,Tuxtla La Casita C-LL,La Casita,La Casita,Présico,México,México,Tuxtla La Casita,C
TUXTLA-LL-R1,Sur,Sur,Tuxtla,Tuxtla La Casita C-LL,La Casita,La Lupita,Présico,México,México,Tuxtla La Casita,LL
TUXTLA-LL-R2,Sur,Sur,Tuxtla,Tuxtla La Casita C-LL,La Casita,La Lupita,Présico,México,México,Tuxtla La Casita,LL
TUXTLA-LL-R3,Sur,Sur,Tuxtla,Tuxtla La Casita C-LL,La Casita,La Lupita,Présico,México,México,Tuxtla La Casita,LL
TUXTLA-LG-R1,Sur,Sur,Tuxtla,Tuxtla La Guerita LG-PU,La Guerita,La Guerita,Présico,México,México,Tuxtla La Guerita,LG
TUXTLA-LG-R2,Sur,Sur,Tuxtla,Tuxtla La Guerita LG-PU,La Guerita,La Guerita,Présico,México,México,Tuxtla La Guerita,LG
TUXTLA-PU-R1,Sur,Sur,Tuxtla,Tuxtla La Guerita LG-PU,La Guerita,Prestamos Unidos,Présico,México,México,Tuxtla La Guerita,PU
TUXTLA-M-R1,Sur,Sur,Tuxtla,Tuxtla La Moderna,La Moderna,La Moderna,Présico,México,México,Tuxtla La Moderna,M
TUXTLA-M-R2,Sur,Sur,Tuxtla,Tuxtla La Moderna,La Moderna,La Moderna,Présico,México,México,Tuxtla La Moderna,M
TUXTLA-M-R3,Sur,Sur,Tuxtla,Tuxtla La Moderna,La Moderna,La Moderna,Présico,México,México,Tuxtla La Moderna,M
COPAINALA-P-R1,Sur,Sur,Tuxtla,Tuxtla Presico,Presico,Presico MX,Présico,México,México,Tuxtla Presico,P
TUXTLA-P-R1,Sur,Sur,Tuxtla,Tuxtla Presico,Presico,Presico MX,Présico,México,México,Tuxtla Presico,P
TUXTLA-P-R2,Sur,Sur,Tuxtla,Tuxtla Presico,Presico,Presico MX,Présico,México,México,Tuxtla Presico,P
TUXTLA-P-R3,Sur,Sur,Tuxtla,Tuxtla Presico,Presico,Presico MX,Présico,México,México,Tuxtla Presico,P
TUXTLA-P-R5,Sur,Sur,Tuxtla,Tuxtla Presico,Presico,Presico MX,Présico,México,México,Tuxtla Presico,P
COMALCALCO-C-R1,Sur,Sureste,Comalcalco,Comalcalco La Casita,La Casita,La Casita,Présico,México,México,Comalcalco La Casita,C
COMALCALCO-C-R3,Sur,Sureste,Comalcalco,Comalcalco La Casita,La Casita,La Casita,Présico,México,México,Comalcalco La Casita,C
COMALCALCO-C-R4,Sur,Sureste,Comalcalco,Comalcalco La Casita,La Casita,La Casita,Présico,México,México,Comalcalco La Casita,C
COMALCALCO-M-R1,Sur,Sureste,Comalcalco,Comalcalco La Moderna M-PU,La Moderna,La Moderna,Présico,México,México,Comalcalco La Moderna,M
COMALCALCO-M-R4,Sur,Sureste,Comalcalco,Comalcalco La Moderna M-PU,La Moderna,La Moderna,Présico,México,México,Comalcalco La Moderna,M
COMALCALCO-PU-R1,Sur,Sureste,Comalcalco,Comalcalco La Moderna M-PU,La Moderna,Prestamos Unidos,Présico,México,México,Comalcalco La Moderna,PU
COMALCALCO-P-R1,Sur,Sureste,Comalcalco,Comalcalco Presico,Presico,Presico MX,Présico,México,México,Comalcalco Presico,P
COMALCALCO-P-R4,Sur,Sureste,Comalcalco,Comalcalco Presico,Presico,Presico MX,Présico,México,México,Comalcalco Presico,P
COMALCALCO-P-R5,Sur,Sureste,Comalcalco,Comalcalco Presico,Presico,Presico MX,Présico,México,México,Comalcalco Presico,P
COMALCALCO-P-R7,Sur,Sureste,Comalcalco,Comalcalco Presico,Presico,Presico MX,Présico,México,México,Comalcalco Presico,P
COMALCALCO-LL-R1,Sur,Sureste,Comalcalco,Comalcalco Presico 2 LL-P,Presico,La Lupita,Présico,México,México,Comalcalco Presico 2,LL
COMALCALCO-LL-R2,Sur,Sureste,Comalcalco,Comalcalco Presico 2 LL-P,Presico,La Lupita,Présico,México,México,Comalcalco Presico 2,LL
COMALCALCO-P-R3,Sur,Sureste,Comalcalco,Comalcalco Presico 2 LL-P,Presico,Presico MX,Présico,México,México,Comalcalco Presico 2,P
COMALCALCO-P-R6,Sur,Sureste,Comalcalco,Comalcalco Presico 2 LL-P,Presico,Presico MX,Présico,México,México,Comalcalco Presico 2,P
EMILIANO ZAPATA-C-R1,Sur,Sureste,Emiliano Zapata,Emiliano Zapata La Casita C-LL,La Casita,La Casita,Présico,México,México,Emiliano Zapata La Casita,C
EMILIANO ZAPATA-C-R2,Sur,Sureste,Emiliano Zapata,Emiliano Zapata La Casita C-LL,La Casita,La Casita,Présico,México,México,Emiliano Zapata La Casita,C
EMILIANO ZAPATA-LL-R1,Sur,Sureste,Emiliano Zapata,Emiliano Zapata La Casita C-LL,La Casita,La Lupita,Présico,México,México,Emiliano Zapata La Casita,LL
EMILIANO ZAPATA-M-R1,Sur,Sureste,Emiliano Zapata,Emiliano Zapata La Moderna,La Moderna,La Moderna,Présico,México,México,Emiliano Zapata La Moderna,M
EMILIANO ZAPATA-M-R2,Sur,Sureste,Emiliano Zapata,Emiliano Zapata La Moderna,La Moderna,La Moderna,Présico,México,México,Emiliano Zapata La Moderna,M
EMILIANO ZAPATA-M-R3,Sur,Sureste,Emiliano Zapata,Emiliano Zapata La Moderna,La Moderna,La Moderna,Présico,México,México,Emiliano Zapata La Moderna,M
EMILIANO ZAPATA-P-R1,Sur,Sureste,Emiliano Zapata,Emiliano Zapata Presico,Presico,Presico MX,Présico,México,México,Emiliano Zapata Presico,P
EMILIANO ZAPATA-P-R2,Sur,Sureste,Emiliano Zapata,Emiliano Zapata Presico,Presico,Presico MX,Présico,México,México,Emiliano Zapata Presico,P
EMILIANO ZAPATA-P-R3,Sur,Sureste,Emiliano Zapata,Emiliano Zapata Presico,Presico,Presico MX,Présico,México,México,Emiliano Zapata Presico,P
PALENQUE-P-R1,Sur,Sureste,Emiliano Zapata,Emiliano Zapata Presico,Presico,Presico MX,Présico,México,México,Emiliano Zapata Presico,P
TENOSIQUE-C-R1,Sur,Sureste,Emiliano Zapata,Tenosique La Casita C-PU,La Casita,La Casita,Présico,México,México,Tenosique La Casita,C
TENOSIQUE-C-R2,Sur,Sureste,Emiliano Zapata,Tenosique La Casita C-PU,La Casita,La Casita,Présico,México,México,Tenosique La Casita,C
TENOSIQUE-C-R3,Sur,Sureste,Emiliano Zapata,Tenosique La Casita C-PU,La Casita,La Casita,Présico,México,México,Tenosique La Casita,C
TENOSIQUE-PU-R1,Sur,Sureste,Emiliano Zapata,Tenosique La Casita C-PU,La Casita,Prestamos Unidos,Présico,México,México,Tenosique La Casita,PU
TENOSIQUE-M-R1,Sur,Sureste,Emiliano Zapata,Tenosique La Moderna,La Moderna,La Moderna,Présico,México,México,Tenosique La Moderna,M
TENOSIQUE-M-R2,Sur,Sureste,Emiliano Zapata,Tenosique La Moderna,La Moderna,La Moderna,Présico,México,México,Tenosique La Moderna,M
TENOSIQUE-M-R3,Sur,Sureste,Emiliano Zapata,Tenosique La Moderna,La Moderna,La Moderna,Présico,México,México,Tenosique La Moderna,M
MACUSPANA-C-R1,Sur,Sureste,Macuspana,Macuspana La Casita,La Casita,La Casita,Présico,México,México,Macuspana La Casita,C
MACUSPANA-C-R2,Sur,Sureste,Macuspana,Macuspana La Casita,La Casita,La Casita,Présico,México,México,Macuspana La Casita,C
MACUSPANA-C-R3,Sur,Sureste,Macuspana,Macuspana La Casita,La Casita,La Casita,Présico,México,México,Macuspana La Casita,C
MACUSPANA-LL-R1,Sur,Sureste,Macuspana,Macuspana La Moderna LL-M-PU,La Moderna,La Lupita,Présico,México,México,Macuspana La Moderna,LL
MACUSPANA-M-R1,Sur,Sureste,Macuspana,Macuspana La Moderna LL-M-PU,La Moderna,La Moderna,Présico,México,México,Macuspana La Moderna,M
MACUSPANA-M-R2,Sur,Sureste,Macuspana,Macuspana La Moderna LL-M-PU,La Moderna,La Moderna,Présico,México,México,Macuspana La Moderna,M
MACUSPANA-M-R3,Sur,Sureste,Macuspana,Macuspana La Moderna LL-M-PU,La Moderna,La Moderna,Présico,México,México,Macuspana La Moderna,M
MACUSPANA-PU-R1,Sur,Sureste,Macuspana,Macuspana La Moderna LL-M-PU,La Moderna,Prestamos Unidos,Présico,México,México,Macuspana La Moderna,PU
MACUSPANA-P-R3,Sur,Sureste,Macuspana,Macuspana Presico,Presico,Presico MX,Présico,México,México,Macuspana Presico,P
MACUSPANA-P-R4,Sur,Sureste,Macuspana,Macuspana Presico,Presico,Presico MX,Présico,México,México,Macuspana Presico,P
TEAPA-C-R1,Sur,Sureste,Teapa,Teapa La Casita,La Casita,La Casita,Présico,México,México,Teapa La Casita,C
TEAPA-C-R2,Sur,Sureste,Teapa,Teapa La Casita,La Casita,La Casita,Présico,México,México,Teapa La Casita,C
TEAPA-C-R3,Sur,Sureste,Teapa,Teapa La Casita,La Casita,La Casita,Présico,México,México,Teapa La Casita,C
TEAPA-C-R4,Sur,Sureste,Teapa,Teapa La Casita,La Casita,La Casita,Présico,México,México,Teapa La Casita,C
TEAPA-LL-R1,Sur,Sureste,Teapa,Teapa La Moderna LL-M,La Moderna,La Lupita,Présico,México,México,Teapa La Moderna,LL
TEAPA-LL-R3,Sur,Sureste,Teapa,Teapa La Moderna LL-M,La Moderna,La Lupita,Présico,México,México,Teapa La Moderna,LL
TEAPA-M-R1,Sur,Sureste,Teapa,Teapa La Moderna LL-M,La Moderna,La Moderna,Présico,México,México,Teapa La Moderna,M
TEAPA-M-R2,Sur,Sureste,Teapa,Teapa La Moderna LL-M,La Moderna,La Moderna,Présico,México,México,Teapa La Moderna,M
TEAPA-M-R3,Sur,Sureste,Teapa,Teapa La Moderna LL-M,La Moderna,La Moderna,Présico,México,México,Teapa La Moderna,M
TEAPA-P-R1,Sur,Sureste,Teapa,Teapa Presico P-PU,Presico,Presico MX,Présico,México,México,Teapa Presico,P
TEAPA-P-R2,Sur,Sureste,Teapa,Teapa Presico P-PU,Presico,Presico MX,Présico,México,México,Teapa Presico,P
TEAPA-P-R3,Sur,Sureste,Teapa,Teapa Presico P-PU,Presico,Presico MX,Présico,México,México,Teapa Presico,P
TEAPA-P-R4,Sur,Sureste,Teapa,Teapa Presico P-PU,Presico,Presico MX,Présico,México,México,Teapa Presico,P
TEAPA-PU-R1,Sur,Sureste,Teapa,Teapa Presico P-PU,Presico,Prestamos Unidos,Présico,México,México,Teapa Presico,PU
TEAPA-PU-R2,Sur,Sureste,Teapa,Teapa Presico P-PU,Presico,Prestamos Unidos,Présico,México,México,Teapa Presico,PU
VILLAHERMOSA-C-R1,Sur,Sureste,Villahermosa,Villahermosa La Casita,La Casita,La Casita,Présico,México,México,Villahermosa La Casita,C
VILLAHERMOSA-C-R3,Sur,Sureste,Villahermosa,Villahermosa La Casita,La Casita,La Casita,Présico,México,México,Villahermosa La Casita,C
VILLAHERMOSA-C-R4,Sur,Sureste,Villahermosa,Villahermosa La Casita,La Casita,La Casita,Présico,México,México,Villahermosa La Casita,C
VILLAHERMOSA-LL-R2,Sur,Sureste,Villahermosa,Villahermosa La Moderna LL-M,La Moderna,La Lupita,Présico,México,México,Villahermosa La Moderna,LL
VILLAHERMOSA-LL-R3,Sur,Sureste,Villahermosa,Villahermosa La Moderna LL-M,La Moderna,La Lupita,Présico,México,México,Villahermosa La Moderna,LL
VILLAHERMOSA-M-R3,Sur,Sureste,Villahermosa,Villahermosa La Moderna LL-M,La Moderna,La Moderna,Présico,México,México,Villahermosa La Moderna,M
VILLAHERMOSA-P-R3,Sur,Sureste,Villahermosa,Villahermosa Presico P-PU,Presico,Presico MX,Présico,México,México,Villahermosa Presico,P
VILLAHERMOSA-P-R5,Sur,Sureste,Villahermosa,Villahermosa Presico P-PU,Presico,Presico MX,Présico,México,México,Villahermosa Presico,P
VILLAHERMOSA-P-R6,Sur,Sureste,Villahermosa,Villahermosa Presico P-PU,Presico,Presico MX,Présico,México,México,Villahermosa Presico,P
VILLAHERMOSA-PU-R1,Sur,Sureste,Villahermosa,Villahermosa Presico P-PU,Presico,Prestamos Unidos,Présico,México,México,Villahermosa Presico,PU
VILLAHERMOSA-PU-R2,Sur,Sureste,Villahermosa,Villahermosa Presico P-PU,Presico,Prestamos Unidos,Présico,México,México,Villahermosa Presico,PU
TICUL-M-R1,Sur,Peninsula,Merida,Ticul La Casita C-M-P-PU,La Casita,La Moderna,Présico,México,México,Ticul La Casita,M
